orgId	pathway	metabolic_category	max_score	n_hi_steps	n_med_steps	n_lo_steps	n_dark_genes	n_dark_strong_fitness	n_dark_with_domains
ANA3	4-hydroxybenzoate	carbon	3.0	3	3	7	1263	72	695
ANA3	D-serine	carbon	-0.1	0	1	2	1263	72	695
ANA3	asn	aa	1.0	1	0	4	1263	72	695
ANA3	cellobiose	carbon	2.0	2	1	2	1263	72	695
ANA3	citrate	carbon	0.0	2	0	3	1263	72	695
ANA3	deoxyinosine	carbon	7.0	7	0	4	1263	72	695
ANA3	deoxyribonate	carbon	3.0	4	0	6	1263	72	695
ANA3	deoxyribose	carbon	3.0	5	1	5	1263	72	695
ANA3	ethanol	carbon	4.0	4	1	3	1263	72	695
ANA3	fucose	carbon	-0.1	1	1	7	1263	72	695
ANA3	galactose	carbon	5.0	7	1	5	1263	72	695
ANA3	galacturonate	carbon	-2.0	1	0	6	1263	72	695
ANA3	gln	aa	1.0	1	1	4	1263	72	695
ANA3	gluconate	carbon	-2.0	2	0	4	1263	72	695
ANA3	glucosamine	carbon	5.0	5	1	4	1263	72	695
ANA3	glucuronate	carbon	-2.0	0	1	5	1263	72	695
ANA3	glycerol	carbon	-2.0	2	0	4	1263	72	695
ANA3	histidine	carbon	2.0	4	0	5	1263	72	695
ANA3	lactose	carbon	2.0	4	1	5	1263	72	695
ANA3	lys	aa	9.0	9	3	11	1263	72	695
ANA3	lysine	carbon	1.0	5	1	6	1263	72	695
ANA3	maltose	carbon	3.0	3	0	2	1263	72	695
ANA3	mannitol	carbon	-2.0	1	0	2	1263	72	695
ANA3	mannose	carbon	-0.1	0	3	1	1263	72	695
ANA3	myoinositol	carbon	-2.0	2	0	9	1263	72	695
ANA3	phenylacetate	carbon	1.0	3	3	13	1263	72	695
ANA3	phenylalanine	carbon	8.0	10	3	12	1263	72	695
ANA3	proline	carbon	3.0	5	0	4	1263	72	695
ANA3	rhamnose	carbon	-0.1	1	1	6	1263	72	695
ANA3	ribose	carbon	-1.0	1	0	3	1263	72	695
ANA3	ser	aa	3.0	3	1	2	1263	72	695
ANA3	sorbitol	carbon	-2.0	0	2	3	1263	72	695
ANA3	threonine	carbon	9.0	9	2	6	1263	72	695
ANA3	thymidine	carbon	7.0	7	0	4	1263	72	695
ANA3	trp	aa	7.0	7	0	5	1263	72	695
ANA3	tryptophan	carbon	3.0	3	3	8	1263	72	695
BFirm	D-lactate	carbon	4.0	4	0	1	1525	22	674
BFirm	L-lactate	carbon	4.0	4	1	1	1525	22	674
BFirm	arabinose	carbon	8.0	8	0	3	1525	22	674
BFirm	arg	aa	10.0	10	0	8	1525	22	674
BFirm	asn	aa	4.0	4	1	3	1525	22	674
BFirm	cellobiose	carbon	6.0	6	1	2	1525	22	674
BFirm	chorismate	aa	7.0	7	0	5	1525	22	674
BFirm	citrate	carbon	3.0	3	0	2	1525	22	674
BFirm	deoxyribonate	carbon	7.0	7	0	3	1525	22	674
BFirm	fucose	carbon	9.0	9	1	4	1525	22	674
BFirm	galactose	carbon	9.0	9	0	5	1525	22	674
BFirm	galacturonate	carbon	6.0	6	0	5	1525	22	674
BFirm	gluconate	carbon	8.0	8	0	4	1525	22	674
BFirm	glucose	carbon	5.0	5	1	1	1525	22	674
BFirm	glucuronate	carbon	7.0	7	0	4	1525	22	674
BFirm	glycerol	carbon	8.0	8	0	3	1525	22	674
BFirm	his	aa	11.0	11	1	9	1525	22	674
BFirm	histidine	carbon	9.0	9	0	4	1525	22	674
BFirm	lactose	carbon	5.0	7	1	5	1525	22	674
BFirm	leu	aa	9.0	9	2	5	1525	22	674
BFirm	leucine	carbon	15.0	15	2	4	1525	22	674
BFirm	lys	aa	9.0	9	2	9	1525	22	674
BFirm	maltose	carbon	5.0	5	1	2	1525	22	674
BFirm	mannose	carbon	5.0	5	0	2	1525	22	674
BFirm	met	aa	8.0	8	1	4	1525	22	674
BFirm	myoinositol	carbon	11.0	11	0	7	1525	22	674
BFirm	pro	aa	5.0	5	0	3	1525	22	674
BFirm	rhamnose	carbon	5.0	7	1	3	1525	22	674
BFirm	ribose	carbon	4.0	4	3	3	1525	22	674
BFirm	ser	aa	3.0	3	0	2	1525	22	674
BFirm	sorbitol	carbon	6.0	6	0	3	1525	22	674
BFirm	thr	aa	5.0	5	0	3	1525	22	674
BFirm	trehalose	carbon	6.0	6	1	2	1525	22	674
BFirm	tyr	aa	3.0	3	0	1	1525	22	674
BFirm	val	aa	5.0	5	1	4	1525	22	674
BFirm	xylitol	carbon	0.9	3	1	2	1525	22	674
BFirm	xylose	carbon	5.0	5	0	4	1525	22	674
Btheta	D-lactate	carbon	1.0	1	0	2	2032	213	1310
Btheta	acetate	carbon	0.0	2	0	2	2032	213	1310
Btheta	arginine	carbon	-2.0	3	0	5	2032	213	1310
Btheta	asn	aa	1.0	1	0	4	2032	213	1310
Btheta	citrate	carbon	0.0	2	0	3	2032	213	1310
Btheta	citrulline	carbon	-4.0	0	1	7	2032	213	1310
Btheta	deoxyribonate	carbon	1.0	2	0	6	2032	213	1310
Btheta	gln	aa	1.0	1	0	4	2032	213	1310
Btheta	gluconate	carbon	-2.0	1	0	4	2032	213	1310
Btheta	glucuronate	carbon	0.0	4	0	5	2032	213	1310
Btheta	glutamate	carbon	-1.0	1	0	2	2032	213	1310
Btheta	glycerol	carbon	-2.0	1	0	4	2032	213	1310
Btheta	histidine	carbon	-1.0	3	0	5	2032	213	1310
Btheta	lysine	carbon	-2.0	0	1	6	2032	213	1310
Btheta	mannitol	carbon	-2.0	1	0	2	2032	213	1310
Btheta	mannose	carbon	-1.1	1	1	2	2032	213	1310
Btheta	myoinositol	carbon	-2.0	3	0	9	2032	213	1310
Btheta	phenylacetate	carbon	-2.0	1	0	13	2032	213	1310
Btheta	pro	aa	3.0	3	1	4	2032	213	1310
Btheta	proline	carbon	-2.0	0	1	4	2032	213	1310
Btheta	ribose	carbon	2.0	2	0	3	2032	213	1310
Btheta	sorbitol	carbon	-2.0	1	1	4	2032	213	1310
Btheta	thr	aa	5.0	5	0	4	2032	213	1310
Btheta	trp	aa	7.0	7	0	5	2032	213	1310
Btheta	tyr	aa	3.0	3	0	1	2032	213	1310
Btheta	tyrosine	carbon	1.0	1	0	7	2032	213	1310
Btheta	xylitol	carbon	-2.0	1	0	2	2032	213	1310
Burk376	D-alanine	carbon	2.0	2	0	1	1377	17	560
Burk376	D-lactate	carbon	4.0	4	0	1	1377	17	560
Burk376	D-serine	carbon	-2.0	0	1	2	1377	17	560
Burk376	L-lactate	carbon	4.0	4	0	1	1377	17	560
Burk376	arg	aa	10.0	10	0	8	1377	17	560
Burk376	asn	aa	4.0	4	1	3	1377	17	560
Burk376	asparagine	carbon	5.0	5	0	1	1377	17	560
Burk376	aspartate	carbon	4.0	4	2	1	1377	17	560
Burk376	chorismate	aa	7.0	7	0	6	1377	17	560
Burk376	citrate	carbon	3.0	3	1	2	1377	17	560
Burk376	cys	aa	2.0	2	1	2	1377	17	560
Burk376	fructose	carbon	5.0	5	0	3	1377	17	560
Burk376	galactose	carbon	9.0	9	0	5	1377	17	560
Burk376	galacturonate	carbon	6.0	6	1	4	1377	17	560
Burk376	gln	aa	3.0	4	0	4	1377	17	560
Burk376	gluconate	carbon	8.0	8	0	4	1377	17	560
Burk376	glucuronate	carbon	7.0	7	1	4	1377	17	560
Burk376	glutamate	carbon	5.0	5	0	2	1377	17	560
Burk376	glycerol	carbon	4.0	4	2	2	1377	17	560
Burk376	his	aa	11.0	11	0	8	1377	17	560
Burk376	histidine	carbon	9.0	9	2	2	1377	17	560
Burk376	leu	aa	9.0	9	1	6	1377	17	560
Burk376	lys	aa	9.0	9	3	10	1377	17	560
Burk376	mannose	carbon	5.0	5	1	1	1377	17	560
Burk376	met	aa	8.0	8	1	6	1377	17	560
Burk376	myoinositol	carbon	11.0	11	0	9	1377	17	560
Burk376	phe	aa	3.0	3	1	2	1377	17	560
Burk376	phenylacetate	carbon	13.0	13	3	9	1377	17	560
Burk376	pro	aa	5.0	5	1	3	1377	17	560
Burk376	proline	carbon	7.0	7	1	4	1377	17	560
Burk376	putrescine	carbon	10.0	10	0	4	1377	17	560
Burk376	rhamnose	carbon	5.0	7	0	6	1377	17	560
Burk376	ribose	carbon	4.0	4	0	3	1377	17	560
Burk376	sorbitol	carbon	6.0	6	1	3	1377	17	560
Burk376	val	aa	5.0	5	1	2	1377	17	560
Burk376	xylitol	carbon	6.0	6	0	2	1377	17	560
Burk376	xylose	carbon	5.0	5	1	2	1377	17	560
Caulo	D-serine	carbon	-2.0	0	1	2	782	153	248
Caulo	L-lactate	carbon	1.0	1	0	2	782	153	248
Caulo	NAG	carbon	4.0	4	0	2	782	153	248
Caulo	acetate	carbon	2.0	2	1	1	782	153	248
Caulo	arabinose	carbon	-0.1	3	1	4	782	153	248
Caulo	arg	aa	10.0	10	0	8	782	153	248
Caulo	citrate	carbon	0.0	2	0	3	782	153	248
Caulo	deoxyribonate	carbon	3.0	3	0	6	782	153	248
Caulo	fucose	carbon	-0.1	1	1	7	782	153	248
Caulo	galactose	carbon	0.9	3	2	5	782	153	248
Caulo	galacturonate	carbon	1.9	4	1	6	782	153	248
Caulo	gluconate	carbon	-2.0	2	0	4	782	153	248
Caulo	glycerol	carbon	-2.0	2	0	4	782	153	248
Caulo	his	aa	11.0	11	0	10	782	153	248
Caulo	isoleucine	carbon	7.0	9	1	9	782	153	248
Caulo	lactose	carbon	6.0	6	1	5	782	153	248
Caulo	leucine	carbon	6.9	9	1	9	782	153	248
Caulo	lysine	carbon	1.0	3	2	6	782	153	248
Caulo	mannitol	carbon	-2.0	1	0	2	782	153	248
Caulo	mannose	carbon	-1.0	1	0	2	782	153	248
Caulo	phenylacetate	carbon	1.0	4	1	11	782	153	248
Caulo	phenylalanine	carbon	7.0	9	1	10	782	153	248
Caulo	pro	aa	5.0	5	0	4	782	153	248
Caulo	proline	carbon	3.0	3	1	4	782	153	248
Caulo	propionate	carbon	5.0	5	0	6	782	153	248
Caulo	rhamnose	carbon	-0.1	1	1	6	782	153	248
Caulo	ribose	carbon	-1.0	1	0	3	782	153	248
Caulo	sorbitol	carbon	-1.1	1	1	4	782	153	248
Caulo	tyrosine	carbon	7.0	7	1	6	782	153	248
Caulo	valine	carbon	6.9	9	1	10	782	153	248
Cup4G11	D-lactate	carbon	4.0	4	1	1	1732	85	873
Cup4G11	arabinose	carbon	-1.1	3	2	3	1732	85	873
Cup4G11	arg	aa	10.0	10	0	8	1732	85	873
Cup4G11	aspartate	carbon	4.0	4	0	1	1732	85	873
Cup4G11	cellobiose	carbon	0.9	3	1	2	1732	85	873
Cup4G11	chorismate	aa	7.0	7	0	6	1732	85	873
Cup4G11	cys	aa	2.0	2	1	2	1732	85	873
Cup4G11	deoxyinosine	carbon	3.0	3	0	4	1732	85	873
Cup4G11	fructose	carbon	-2.0	2	0	3	1732	85	873
Cup4G11	fucose	carbon	-0.1	3	1	6	1732	85	873
Cup4G11	galactose	carbon	-1.3	1	3	5	1732	85	873
Cup4G11	galacturonate	carbon	6.0	6	0	2	1732	85	873
Cup4G11	gluconate	carbon	4.0	4	1	4	1732	85	873
Cup4G11	glucosamine	carbon	-2.0	1	1	3	1732	85	873
Cup4G11	glucose	carbon	-1.0	1	0	1	1732	85	873
Cup4G11	glucuronate	carbon	7.0	7	0	2	1732	85	873
Cup4G11	glutamate	carbon	5.0	5	0	1	1732	85	873
Cup4G11	his	aa	11.0	11	0	10	1732	85	873
Cup4G11	ile	aa	6.0	6	0	7	1732	85	873
Cup4G11	lactose	carbon	-1.0	2	1	5	1732	85	873
Cup4G11	leu	aa	9.0	9	2	6	1732	85	873
Cup4G11	lys	aa	9.0	9	3	10	1732	85	873
Cup4G11	lysine	carbon	7.0	9	1	3	1732	85	873
Cup4G11	maltose	carbon	-0.1	2	2	1	1732	85	873
Cup4G11	mannitol	carbon	-2.0	1	0	2	1732	85	873
Cup4G11	mannose	carbon	3.0	4	1	1	1732	85	873
Cup4G11	myoinositol	carbon	-0.3	3	4	9	1732	85	873
Cup4G11	phe	aa	3.0	3	0	2	1732	85	873
Cup4G11	proline	carbon	7.0	7	2	3	1732	85	873
Cup4G11	rhamnose	carbon	-0.1	0	3	4	1732	85	873
Cup4G11	ser	aa	3.0	3	0	2	1732	85	873
Cup4G11	sorbitol	carbon	-2.0	1	1	3	1732	85	873
Cup4G11	thymidine	carbon	2.0	2	1	4	1732	85	873
Cup4G11	trehalose	carbon	0.0	2	0	2	1732	85	873
Cup4G11	tyrosine	carbon	12.0	12	1	4	1732	85	873
Cup4G11	val	aa	5.0	5	2	3	1732	85	873
Cup4G11	xylitol	carbon	-1.1	1	1	2	1732	85	873
Cup4G11	xylose	carbon	-1.1	4	3	3	1732	85	873
Dda3937	4-hydroxybenzoate	carbon	1.0	2	1	7	446	16	176
Dda3937	D-alanine	carbon	1.0	1	0	2	446	16	176
Dda3937	L-lactate	carbon	-0.1	0	1	2	446	16	176
Dda3937	acetate	carbon	3.0	3	0	1	446	16	176
Dda3937	arabinose	carbon	6.0	6	4	3	446	16	176
Dda3937	arg	aa	10.0	10	1	7	446	16	176
Dda3937	asn	aa	1.0	1	0	4	446	16	176
Dda3937	asparagine	carbon	5.0	5	0	1	446	16	176
Dda3937	deoxyinosine	carbon	2.0	4	0	5	446	16	176
Dda3937	deoxyribonate	carbon	-1.0	2	0	5	446	16	176
Dda3937	deoxyribose	carbon	1.0	3	0	4	446	16	176
Dda3937	ethanol	carbon	2.0	2	1	3	446	16	176
Dda3937	fructose	carbon	5.0	5	0	3	446	16	176
Dda3937	fucose	carbon	1.0	2	2	6	446	16	176
Dda3937	galacturonate	carbon	6.0	6	0	5	446	16	176
Dda3937	gln	aa	1.0	1	1	4	446	16	176
Dda3937	glucuronate	carbon	6.0	6	0	5	446	16	176
Dda3937	glycerol	carbon	7.0	7	1	3	446	16	176
Dda3937	histidine	carbon	9.0	9	0	4	446	16	176
Dda3937	ile	aa	6.0	6	0	4	446	16	176
Dda3937	isoleucine	carbon	5.0	9	2	9	446	16	176
Dda3937	leu	aa	9.0	9	0	7	446	16	176
Dda3937	leucine	carbon	5.0	7	1	9	446	16	176
Dda3937	lysine	carbon	1.0	5	4	6	446	16	176
Dda3937	mannitol	carbon	2.0	2	0	1	446	16	176
Dda3937	phe	aa	3.0	3	0	1	446	16	176
Dda3937	phenylacetate	carbon	-0.1	2	3	13	446	16	176
Dda3937	phenylalanine	carbon	5.0	8	2	12	446	16	176
Dda3937	proline	carbon	5.0	5	2	4	446	16	176
Dda3937	propionate	carbon	1.8	4	2	4	446	16	176
Dda3937	rhamnose	carbon	2.9	5	1	5	446	16	176
Dda3937	ribose	carbon	4.0	4	0	3	446	16	176
Dda3937	ser	aa	0.0	2	0	3	446	16	176
Dda3937	serine	carbon	2.0	2	0	1	446	16	176
Dda3937	sorbitol	carbon	1.0	1	0	4	446	16	176
Dda3937	thymidine	carbon	2.0	4	0	4	446	16	176
Dda3937	trp	aa	7.0	7	0	6	446	16	176
Dda3937	tryptophan	carbon	2.0	2	1	8	446	16	176
Dda3937	tyr	aa	0.0	2	0	1	446	16	176
Dda3937	tyrosine	carbon	1.0	3	0	7	446	16	176
Dda3937	val	aa	5.0	5	0	4	446	16	176
Dda3937	valine	carbon	5.0	7	2	8	446	16	176
Dda3937	xylitol	carbon	-0.1	0	1	2	446	16	176
Dda3937	xylose	carbon	5.0	5	0	2	446	16	176
Ddia6719	4-hydroxybenzoate	carbon	1.0	2	1	7	413	9	178
Ddia6719	D-alanine	carbon	2.0	2	0	1	413	9	178
Ddia6719	D-lactate	carbon	-0.1	0	1	2	413	9	178
Ddia6719	L-lactate	carbon	0.0	2	1	2	413	9	178
Ddia6719	arabinose	carbon	-0.4	1	4	4	413	9	178
Ddia6719	asn	aa	1.0	1	0	4	413	9	178
Ddia6719	asparagine	carbon	5.0	5	0	1	413	9	178
Ddia6719	chorismate	aa	7.0	7	0	7	413	9	178
Ddia6719	citrate	carbon	6.0	6	0	2	413	9	178
Ddia6719	deoxyribonate	carbon	-1.0	2	0	6	413	9	178
Ddia6719	deoxyribose	carbon	1.0	3	0	5	413	9	178
Ddia6719	ethanol	carbon	2.0	2	1	3	413	9	178
Ddia6719	fructose	carbon	5.0	5	0	2	413	9	178
Ddia6719	fucose	carbon	1.0	2	0	7	413	9	178
Ddia6719	galactose	carbon	8.0	8	2	5	413	9	178
Ddia6719	galacturonate	carbon	6.0	6	0	4	413	9	178
Ddia6719	gln	aa	1.0	1	1	4	413	9	178
Ddia6719	gluconate	carbon	3.0	3	0	4	413	9	178
Ddia6719	glucuronate	carbon	6.0	6	0	5	413	9	178
Ddia6719	glycerol	carbon	7.0	7	1	3	413	9	178
Ddia6719	his	aa	11.0	11	0	10	413	9	178
Ddia6719	histidine	carbon	9.0	9	0	4	413	9	178
Ddia6719	ile	aa	6.0	6	1	5	413	9	178
Ddia6719	isoleucine	carbon	5.0	9	1	7	413	9	178
Ddia6719	leu	aa	9.0	9	2	7	413	9	178
Ddia6719	leucine	carbon	5.0	7	2	8	413	9	178
Ddia6719	lys	aa	9.0	9	4	10	413	9	178
Ddia6719	lysine	carbon	1.7	6	3	6	413	9	178
Ddia6719	met	aa	8.0	8	0	3	413	9	178
Ddia6719	myoinositol	carbon	11.0	11	0	7	413	9	178
Ddia6719	phe	aa	3.0	3	0	1	413	9	178
Ddia6719	phenylacetate	carbon	-0.1	2	3	12	413	9	178
Ddia6719	phenylalanine	carbon	5.0	7	1	11	413	9	178
Ddia6719	pro	aa	5.0	6	0	4	413	9	178
Ddia6719	proline	carbon	5.0	5	2	4	413	9	178
Ddia6719	propionate	carbon	1.0	4	1	5	413	9	178
Ddia6719	ribose	carbon	4.0	4	1	3	413	9	178
Ddia6719	serine	carbon	2.0	2	0	1	413	9	178
Ddia6719	sorbitol	carbon	1.0	1	1	3	413	9	178
Ddia6719	thr	aa	5.0	5	0	3	413	9	178
Ddia6719	tryptophan	carbon	2.0	2	2	8	413	9	178
Ddia6719	tyrosine	carbon	1.0	3	0	7	413	9	178
Ddia6719	val	aa	5.0	5	1	4	413	9	178
Ddia6719	valine	carbon	1.0	4	2	9	413	9	178
Ddia6719	xylitol	carbon	-0.1	1	1	2	413	9	178
DdiaME23	4-hydroxybenzoate	carbon	1.0	2	1	7	555	9	227
DdiaME23	D-alanine	carbon	2.0	2	0	1	555	9	227
DdiaME23	D-lactate	carbon	-0.1	0	1	2	555	9	227
DdiaME23	L-lactate	carbon	0.0	2	1	2	555	9	227
DdiaME23	arabinose	carbon	-0.4	1	4	4	555	9	227
DdiaME23	asn	aa	1.0	1	0	4	555	9	227
DdiaME23	asparagine	carbon	5.0	5	0	1	555	9	227
DdiaME23	chorismate	aa	7.0	7	0	7	555	9	227
DdiaME23	citrate	carbon	6.0	6	0	2	555	9	227
DdiaME23	deoxyribonate	carbon	-1.0	2	0	6	555	9	227
DdiaME23	deoxyribose	carbon	1.0	3	0	5	555	9	227
DdiaME23	ethanol	carbon	2.0	2	1	3	555	9	227
DdiaME23	fructose	carbon	5.0	5	0	2	555	9	227
DdiaME23	fucose	carbon	1.0	2	0	7	555	9	227
DdiaME23	galactose	carbon	8.0	8	2	5	555	9	227
DdiaME23	galacturonate	carbon	6.0	6	0	4	555	9	227
DdiaME23	gln	aa	1.0	1	1	4	555	9	227
DdiaME23	gluconate	carbon	3.0	3	0	4	555	9	227
DdiaME23	glucuronate	carbon	6.0	6	0	5	555	9	227
DdiaME23	glycerol	carbon	7.0	7	1	3	555	9	227
DdiaME23	his	aa	11.0	11	0	10	555	9	227
DdiaME23	histidine	carbon	9.0	9	0	4	555	9	227
DdiaME23	ile	aa	6.0	6	1	5	555	9	227
DdiaME23	isoleucine	carbon	5.0	9	1	7	555	9	227
DdiaME23	leu	aa	9.0	9	2	7	555	9	227
DdiaME23	leucine	carbon	5.0	7	2	8	555	9	227
DdiaME23	lys	aa	9.0	9	4	10	555	9	227
DdiaME23	lysine	carbon	1.7	6	3	6	555	9	227
DdiaME23	met	aa	8.0	8	1	5	555	9	227
DdiaME23	myoinositol	carbon	11.0	11	0	7	555	9	227
DdiaME23	phe	aa	3.0	3	0	1	555	9	227
DdiaME23	phenylacetate	carbon	-0.1	2	3	12	555	9	227
DdiaME23	phenylalanine	carbon	5.0	8	2	11	555	9	227
DdiaME23	pro	aa	5.0	6	0	4	555	9	227
DdiaME23	proline	carbon	5.0	5	2	4	555	9	227
DdiaME23	propionate	carbon	-0.1	3	1	4	555	9	227
DdiaME23	ribose	carbon	4.0	4	1	3	555	9	227
DdiaME23	serine	carbon	2.0	2	0	1	555	9	227
DdiaME23	sorbitol	carbon	1.0	1	1	3	555	9	227
DdiaME23	thr	aa	5.0	5	0	3	555	9	227
DdiaME23	tryptophan	carbon	2.0	2	2	8	555	9	227
DdiaME23	tyrosine	carbon	1.0	3	0	7	555	9	227
DdiaME23	val	aa	5.0	5	1	4	555	9	227
DdiaME23	valine	carbon	1.0	4	2	9	555	9	227
DdiaME23	xylitol	carbon	-0.1	1	1	2	555	9	227
Dino	D-serine	carbon	-2.0	0	1	2	1424	69	650
Dino	arabinose	carbon	0.8	3	2	4	1424	69	650
Dino	asparagine	carbon	4.0	4	0	2	1424	69	650
Dino	cys	aa	2.0	2	0	2	1424	69	650
Dino	deoxyribonate	carbon	3.0	4	0	6	1424	69	650
Dino	deoxyribose	carbon	3.0	5	2	5	1424	69	650
Dino	fucose	carbon	1.0	3	0	7	1424	69	650
Dino	galactose	carbon	0.9	3	2	5	1424	69	650
Dino	galacturonate	carbon	-2.0	1	0	6	1424	69	650
Dino	gluconate	carbon	-2.0	2	0	4	1424	69	650
Dino	glucosamine	carbon	-2.0	0	1	4	1424	69	650
Dino	glucuronate	carbon	-1.0	1	0	5	1424	69	650
Dino	gly	aa	1.0	1	1	2	1424	69	650
Dino	glycerol	carbon	8.0	8	1	4	1424	69	650
Dino	histidine	carbon	-0.4	0	4	5	1424	69	650
Dino	isoleucine	carbon	9.8	12	2	10	1424	69	650
Dino	lactose	carbon	5.0	5	1	5	1424	69	650
Dino	lys	aa	9.0	9	4	11	1424	69	650
Dino	lysine	carbon	5.0	5	2	6	1424	69	650
Dino	mannose	carbon	3.0	4	0	2	1424	69	650
Dino	propionate	carbon	6.0	6	0	6	1424	69	650
Dino	thr	aa	3.0	4	0	5	1424	69	650
Dino	thymidine	carbon	4.0	6	0	5	1424	69	650
Dino	tyrosine	carbon	3.0	5	0	7	1424	69	650
Dino	valine	carbon	8.6	11	4	11	1424	69	650
Dino	xylose	carbon	0.0	2	0	3	1424	69	650
DvH	4-hydroxybenzoate	carbon	0.0	2	0	7	1213	104	415
DvH	D-lactate	carbon	2.0	2	1	1	1213	104	415
DvH	D-serine	carbon	-2.0	0	1	2	1213	104	415
DvH	L-lactate	carbon	4.0	4	1	1	1213	104	415
DvH	acetate	carbon	3.0	3	0	1	1213	104	415
DvH	asn	aa	-1.1	1	1	3	1213	104	415
DvH	cellobiose	carbon	-2.0	1	1	2	1213	104	415
DvH	chorismate	aa	3.0	8	0	7	1213	104	415
DvH	citrate	carbon	-2.0	1	0	3	1213	104	415
DvH	cys	aa	2.0	2	0	2	1213	104	415
DvH	deoxyinosine	carbon	0.0	3	0	5	1213	104	415
DvH	deoxyribonate	carbon	1.0	2	0	6	1213	104	415
DvH	deoxyribose	carbon	1.0	2	0	5	1213	104	415
DvH	ethanol	carbon	0.0	2	1	3	1213	104	415
DvH	fructose	carbon	-2.0	2	0	3	1213	104	415
DvH	fucose	carbon	-0.1	1	1	7	1213	104	415
DvH	galactose	carbon	-2.0	0	1	5	1213	104	415
DvH	gluconate	carbon	-0.3	0	3	4	1213	104	415
DvH	glucosamine	carbon	-2.0	0	1	4	1213	104	415
DvH	glucuronate	carbon	-1.1	1	1	5	1213	104	415
DvH	gly	aa	1.0	1	1	2	1213	104	415
DvH	ile	aa	6.0	8	0	6	1213	104	415
DvH	lactose	carbon	-2.0	0	1	5	1213	104	415
DvH	leu	aa	4.0	7	0	9	1213	104	415
DvH	lys	aa	7.0	7	4	11	1213	104	415
DvH	lysine	carbon	-2.0	1	0	6	1213	104	415
DvH	mannose	carbon	-2.0	0	1	2	1213	104	415
DvH	met	aa	7.0	7	1	6	1213	104	415
DvH	myoinositol	carbon	-2.0	1	0	9	1213	104	415
DvH	phe	aa	3.0	3	0	2	1213	104	415
DvH	phenylacetate	carbon	-0.1	1	1	13	1213	104	415
DvH	propionate	carbon	1.0	3	1	5	1213	104	415
DvH	putrescine	carbon	4.0	4	1	5	1213	104	415
DvH	rhamnose	carbon	-0.1	1	1	6	1213	104	415
DvH	ser	aa	-4.1	0	1	3	1213	104	415
DvH	sorbitol	carbon	-2.0	0	1	4	1213	104	415
DvH	sucrose	carbon	-2.0	2	0	3	1213	104	415
DvH	thr	aa	3.0	4	0	4	1213	104	415
DvH	thymidine	carbon	0.0	2	0	5	1213	104	415
DvH	trehalose	carbon	-2.0	1	1	2	1213	104	415
DvH	trp	aa	4.0	6	1	5	1213	104	415
DvH	tryptophan	carbon	2.0	2	0	8	1213	104	415
DvH	tyrosine	carbon	1.0	1	0	7	1213	104	415
Dyella79	D-lactate	carbon	-0.1	0	1	2	1038	44	420
Dyella79	L-lactate	carbon	1.0	1	0	2	1038	44	420
Dyella79	asn	aa	1.0	1	1	4	1038	44	420
Dyella79	citrate	carbon	0.0	2	0	3	1038	44	420
Dyella79	deoxyinosine	carbon	2.0	3	1	5	1038	44	420
Dyella79	deoxyribonate	carbon	3.0	3	0	6	1038	44	420
Dyella79	deoxyribose	carbon	3.0	3	3	5	1038	44	420
Dyella79	galactose	carbon	9.0	9	0	5	1038	44	420
Dyella79	galacturonate	carbon	-2.0	2	0	6	1038	44	420
Dyella79	gln	aa	1.0	1	1	4	1038	44	420
Dyella79	glucuronate	carbon	-1.0	2	0	5	1038	44	420
Dyella79	gly	aa	1.0	1	0	2	1038	44	420
Dyella79	histidine	carbon	5.0	7	0	5	1038	44	420
Dyella79	isoleucine	carbon	5.0	9	3	10	1038	44	420
Dyella79	lactose	carbon	5.0	7	0	5	1038	44	420
Dyella79	leucine	carbon	5.8	10	2	10	1038	44	420
Dyella79	lys	aa	9.0	9	3	11	1038	44	420
Dyella79	mannitol	carbon	-2.0	1	0	2	1038	44	420
Dyella79	myoinositol	carbon	-2.0	2	0	9	1038	44	420
Dyella79	propionate	carbon	6.0	6	2	6	1038	44	420
Dyella79	putrescine	carbon	-1.0	1	1	5	1038	44	420
Dyella79	rhamnose	carbon	-0.1	1	1	6	1038	44	420
Dyella79	ribose	carbon	-1.0	1	0	3	1038	44	420
Dyella79	serine	carbon	1.0	1	0	2	1038	44	420
Dyella79	sorbitol	carbon	-1.1	1	1	4	1038	44	420
Dyella79	thymidine	carbon	2.0	4	0	5	1038	44	420
Dyella79	valine	carbon	5.0	6	4	11	1038	44	420
Dyella79	xylitol	carbon	-2.0	1	0	2	1038	44	420
HerbieS	D-lactate	carbon	3.0	3	0	2	851	22	436
HerbieS	D-serine	carbon	-2.0	0	1	2	851	22	436
HerbieS	L-lactate	carbon	1.0	1	0	2	851	22	436
HerbieS	arabinose	carbon	8.0	8	3	2	851	22	436
HerbieS	chorismate	aa	7.0	7	1	6	851	22	436
HerbieS	citrate	carbon	3.0	3	1	2	851	22	436
HerbieS	deoxyinosine	carbon	4.9	7	1	5	851	22	436
HerbieS	deoxyribose	carbon	6.0	6	3	4	851	22	436
HerbieS	fucose	carbon	9.0	9	0	6	851	22	436
HerbieS	galactose	carbon	9.0	9	0	5	851	22	436
HerbieS	galacturonate	carbon	6.0	6	0	5	851	22	436
HerbieS	glycerol	carbon	8.0	8	1	3	851	22	436
HerbieS	his	aa	11.0	11	1	9	851	22	436
HerbieS	histidine	carbon	3.0	4	1	5	851	22	436
HerbieS	isoleucine	carbon	15.0	15	2	10	851	22	436
HerbieS	leu	aa	9.0	9	0	8	851	22	436
HerbieS	leucine	carbon	15.0	15	1	9	851	22	436
HerbieS	lys	aa	9.0	9	2	10	851	22	436
HerbieS	lysine	carbon	1.0	6	2	6	851	22	436
HerbieS	mannose	carbon	5.0	5	1	1	851	22	436
HerbieS	myoinositol	carbon	11.0	11	1	9	851	22	436
HerbieS	phenylacetate	carbon	12.0	12	0	13	851	22	436
HerbieS	propionate	carbon	6.0	6	2	6	851	22	436
HerbieS	rhamnose	carbon	10.0	10	0	1	851	22	436
HerbieS	ser	aa	3.0	3	1	2	851	22	436
HerbieS	thymidine	carbon	2.0	3	1	4	851	22	436
Keio	acetate	carbon	3.0	3	0	2	966	83	643
Keio	asn	aa	1.0	1	1	4	966	83	643
Keio	aspartate	carbon	4.0	4	2	1	966	83	643
Keio	gln	aa	1.0	1	1	4	966	83	643
Keio	pyruvate	carbon	2.0	2	0	1	966	83	643
Korea	D-alanine	carbon	-2.0	0	1	2	1048	77	421
Korea	D-lactate	carbon	3.0	3	0	2	1048	77	421
Korea	L-lactate	carbon	1.0	1	0	2	1048	77	421
Korea	arabinose	carbon	-2.0	2	1	4	1048	77	421
Korea	arginine	carbon	5.0	5	1	4	1048	77	421
Korea	citrate	carbon	0.0	2	0	3	1048	77	421
Korea	citrulline	carbon	5.0	5	2	7	1048	77	421
Korea	deoxyribonate	carbon	3.0	3	0	6	1048	77	421
Korea	fucose	carbon	2.9	5	1	7	1048	77	421
Korea	galactose	carbon	1.9	4	1	5	1048	77	421
Korea	galacturonate	carbon	1.0	3	2	6	1048	77	421
Korea	gluconate	carbon	1.0	3	0	4	1048	77	421
Korea	glycerol	carbon	-0.1	2	1	4	1048	77	421
Korea	his	aa	11.0	11	0	9	1048	77	421
Korea	ile	aa	6.0	6	1	5	1048	77	421
Korea	isoleucine	carbon	11.0	13	0	10	1048	77	421
Korea	lactose	carbon	2.0	3	2	5	1048	77	421
Korea	lys	aa	9.0	9	3	11	1048	77	421
Korea	lysine	carbon	5.0	5	2	6	1048	77	421
Korea	mannitol	carbon	-2.0	1	0	2	1048	77	421
Korea	mannose	carbon	-0.1	1	1	2	1048	77	421
Korea	myoinositol	carbon	-2.0	2	2	9	1048	77	421
Korea	phenylacetate	carbon	4.0	7	3	13	1048	77	421
Korea	phenylalanine	carbon	7.0	9	3	12	1048	77	421
Korea	propionate	carbon	6.0	6	0	6	1048	77	421
Korea	putrescine	carbon	-1.0	1	1	5	1048	77	421
Korea	rhamnose	carbon	0.0	4	1	6	1048	77	421
Korea	ribose	carbon	-1.0	1	0	3	1048	77	421
Korea	sorbitol	carbon	0.0	2	0	4	1048	77	421
Korea	trehalose	carbon	3.0	3	2	2	1048	77	421
Korea	tyrosine	carbon	7.0	7	0	7	1048	77	421
Korea	val	aa	5.0	5	1	4	1048	77	421
Korea	valine	carbon	9.8	12	2	11	1048	77	421
Koxy	D-alanine	carbon	2.0	2	0	1	995	74	567
Koxy	D-lactate	carbon	2.0	2	1	1	995	74	567
Koxy	acetate	carbon	3.0	3	1	1	995	74	567
Koxy	arabinose	carbon	6.0	6	0	3	995	74	567
Koxy	arg	aa	10.0	10	0	8	995	74	567
Koxy	asn	aa	1.0	1	0	4	995	74	567
Koxy	aspartate	carbon	4.0	4	2	1	995	74	567
Koxy	deoxyinosine	carbon	7.0	7	0	4	995	74	567
Koxy	gln	aa	1.0	1	1	4	995	74	567
Koxy	glucose	carbon	4.0	4	1	1	995	74	567
Koxy	ile	aa	6.0	6	1	5	995	74	567
Koxy	isoleucine	carbon	5.0	9	2	9	995	74	567
Koxy	lactose	carbon	7.0	7	1	5	995	74	567
Koxy	leu	aa	9.0	9	1	8	995	74	567
Koxy	myoinositol	carbon	11.0	11	0	6	995	74	567
Koxy	pro	aa	5.0	5	0	4	995	74	567
Koxy	proline	carbon	7.0	7	1	4	995	74	567
Koxy	propionate	carbon	2.0	4	2	5	995	74	567
Koxy	putrescine	carbon	7.0	9	0	5	995	74	567
Koxy	thymidine	carbon	7.0	7	0	4	995	74	567
Koxy	tyr	aa	3.0	3	0	1	995	74	567
Koxy	val	aa	5.0	5	1	4	995	74	567
Koxy	xylitol	carbon	0.0	2	1	1	995	74	567
Koxy	xylose	carbon	5.0	5	0	3	995	74	567
MR1	4-hydroxybenzoate	carbon	3.0	3	3	7	1662	305	886
MR1	D-serine	carbon	-0.1	0	1	2	1662	305	886
MR1	asn	aa	1.0	1	0	4	1662	305	886
MR1	cellobiose	carbon	2.0	2	0	2	1662	305	886
MR1	citrate	carbon	0.0	2	0	3	1662	305	886
MR1	deoxyribonate	carbon	3.0	4	0	6	1662	305	886
MR1	deoxyribose	carbon	3.0	5	1	5	1662	305	886
MR1	ethanol	carbon	4.0	4	0	3	1662	305	886
MR1	fucose	carbon	-0.1	1	1	6	1662	305	886
MR1	galactose	carbon	2.0	4	0	5	1662	305	886
MR1	galacturonate	carbon	-2.0	1	0	6	1662	305	886
MR1	gln	aa	1.0	1	1	4	1662	305	886
MR1	gluconate	carbon	-2.0	2	0	4	1662	305	886
MR1	glucosamine	carbon	5.0	5	1	4	1662	305	886
MR1	glucuronate	carbon	-2.0	0	1	5	1662	305	886
MR1	glycerol	carbon	-2.0	2	0	4	1662	305	886
MR1	histidine	carbon	2.0	4	0	5	1662	305	886
MR1	lactose	carbon	2.0	4	0	5	1662	305	886
MR1	lys	aa	9.0	9	2	11	1662	305	886
MR1	lysine	carbon	1.0	5	1	6	1662	305	886
MR1	mannose	carbon	-0.1	0	2	2	1662	305	886
MR1	myoinositol	carbon	-2.0	2	0	9	1662	305	886
MR1	phenylacetate	carbon	1.0	3	3	13	1662	305	886
MR1	phenylalanine	carbon	8.0	10	3	12	1662	305	886
MR1	rhamnose	carbon	-0.1	1	1	5	1662	305	886
MR1	ribose	carbon	-1.0	1	0	3	1662	305	886
MR1	sorbitol	carbon	-2.0	0	2	4	1662	305	886
MR1	threonine	carbon	9.0	9	2	5	1662	305	886
MR1	tryptophan	carbon	3.0	3	3	8	1662	305	886
Marino	D-lactate	carbon	3.0	3	0	2	1072	75	435
Marino	D-serine	carbon	-2.0	0	1	1	1072	75	435
Marino	acetate	carbon	-2.0	0	1	2	1072	75	435
Marino	arg	aa	7.0	9	0	8	1072	75	435
Marino	asn	aa	4.0	4	0	3	1072	75	435
Marino	asparagine	carbon	1.0	1	0	2	1072	75	435
Marino	cellobiose	carbon	5.0	5	0	2	1072	75	435
Marino	chorismate	aa	4.0	6	0	6	1072	75	435
Marino	citrate	carbon	5.0	5	1	1	1072	75	435
Marino	cys	aa	2.0	2	1	2	1072	75	435
Marino	deoxyinosine	carbon	3.0	4	0	5	1072	75	435
Marino	deoxyribonate	carbon	2.0	2	1	5	1072	75	435
Marino	deoxyribose	carbon	3.0	3	2	4	1072	75	435
Marino	ethanol	carbon	4.0	4	0	3	1072	75	435
Marino	fructose	carbon	2.0	4	0	3	1072	75	435
Marino	fucose	carbon	-0.1	1	1	6	1072	75	435
Marino	galactose	carbon	4.0	5	1	4	1072	75	435
Marino	galacturonate	carbon	-2.0	1	0	6	1072	75	435
Marino	gln	aa	3.0	4	0	4	1072	75	435
Marino	gluconate	carbon	-2.0	2	0	4	1072	75	435
Marino	glucosamine	carbon	-2.0	0	1	4	1072	75	435
Marino	glucose	carbon	5.0	5	0	1	1072	75	435
Marino	glucuronate	carbon	-2.0	1	0	5	1072	75	435
Marino	gly	aa	1.0	1	0	2	1072	75	435
Marino	glycerol	carbon	8.0	8	1	2	1072	75	435
Marino	his	aa	11.0	11	1	10	1072	75	435
Marino	histidine	carbon	3.0	3	0	5	1072	75	435
Marino	ile	aa	1.9	4	1	4	1072	75	435
Marino	lactose	carbon	5.0	5	1	5	1072	75	435
Marino	lys	aa	9.0	9	4	11	1072	75	435
Marino	maltose	carbon	5.0	5	0	2	1072	75	435
Marino	mannose	carbon	-0.1	0	2	1	1072	75	435
Marino	met	aa	5.0	7	0	5	1072	75	435
Marino	myoinositol	carbon	-2.0	2	0	8	1072	75	435
Marino	phe	aa	3.0	3	1	2	1072	75	435
Marino	pro	aa	2.0	5	1	3	1072	75	435
Marino	rhamnose	carbon	-0.1	1	1	6	1072	75	435
Marino	ribose	carbon	-2.0	0	1	3	1072	75	435
Marino	ser	aa	0.0	2	0	3	1072	75	435
Marino	sorbitol	carbon	-2.0	0	1	4	1072	75	435
Marino	sucrose	carbon	5.0	5	0	3	1072	75	435
Marino	thr	aa	5.0	5	1	4	1072	75	435
Marino	thymidine	carbon	3.0	4	0	5	1072	75	435
Marino	trehalose	carbon	5.0	5	1	2	1072	75	435
Marino	trp	aa	-2.0	3	0	6	1072	75	435
Marino	tyr	aa	3.0	3	1	1	1072	75	435
Marino	tyrosine	carbon	2.0	3	3	6	1072	75	435
Marino	xylitol	carbon	-0.1	0	1	2	1072	75	435
Marino	xylose	carbon	-0.4	0	4	2	1072	75	435
Methanococcus_JJ	4-hydroxybenzoate	carbon	-2.0	0	1	7	439	54	152
Methanococcus_JJ	arg	aa	9.0	9	0	7	439	54	152
Methanococcus_JJ	arginine	carbon	-2.0	2	1	4	439	54	152
Methanococcus_JJ	asparagine	carbon	-0.1	0	1	2	439	54	152
Methanococcus_JJ	citrate	carbon	-2.0	0	1	3	439	54	152
Methanococcus_JJ	citrulline	carbon	-2.1	1	2	7	439	54	152
Methanococcus_JJ	deoxyinosine	carbon	-2.0	1	0	5	439	54	152
Methanococcus_JJ	fructose	carbon	-2.0	2	0	3	439	54	152
Methanococcus_JJ	fucose	carbon	1.0	3	0	7	439	54	152
Methanococcus_JJ	galactose	carbon	-2.0	1	0	5	439	54	152
Methanococcus_JJ	gln	aa	2.0	3	0	4	439	54	152
Methanococcus_JJ	glucosamine	carbon	-2.0	1	1	4	439	54	152
Methanococcus_JJ	glycerol	carbon	1.0	2	0	4	439	54	152
Methanococcus_JJ	his	aa	8.0	10	1	10	439	54	152
Methanococcus_JJ	histidine	carbon	-0.2	0	2	5	439	54	152
Methanococcus_JJ	ile	aa	9.0	9	0	5	439	54	152
Methanococcus_JJ	isoleucine	carbon	3.0	3	1	10	439	54	152
Methanococcus_JJ	lactose	carbon	-2.0	1	0	5	439	54	152
Methanococcus_JJ	leu	aa	9.0	9	1	8	439	54	152
Methanococcus_JJ	lys	aa	7.0	7	3	11	439	54	152
Methanococcus_JJ	lysine	carbon	-0.2	0	3	6	439	54	152
Methanococcus_JJ	mannose	carbon	-1.0	1	0	2	439	54	152
Methanococcus_JJ	myoinositol	carbon	-2.0	1	0	9	439	54	152
Methanococcus_JJ	phe	aa	3.0	3	1	2	439	54	152
Methanococcus_JJ	phenylacetate	carbon	-2.0	1	1	13	439	54	152
Methanococcus_JJ	proline	carbon	1.0	1	1	4	439	54	152
Methanococcus_JJ	propionate	carbon	-0.1	0	3	6	439	54	152
Methanococcus_JJ	putrescine	carbon	-2.0	0	1	5	439	54	152
Methanococcus_JJ	rhamnose	carbon	1.0	2	0	6	439	54	152
Methanococcus_JJ	serine	carbon	-0.1	0	1	2	439	54	152
Methanococcus_JJ	sorbitol	carbon	-2.0	0	1	4	439	54	152
Methanococcus_JJ	sucrose	carbon	-2.0	2	0	3	439	54	152
Methanococcus_JJ	threonine	carbon	-0.1	1	1	6	439	54	152
Methanococcus_JJ	thymidine	carbon	-2.0	0	1	5	439	54	152
Methanococcus_JJ	tryptophan	carbon	-0.1	0	1	8	439	54	152
Methanococcus_JJ	val	aa	5.0	5	0	4	439	54	152
Methanococcus_JJ	valine	carbon	3.0	3	1	11	439	54	152
Methanococcus_S2	4-hydroxybenzoate	carbon	-2.0	0	1	7	377	73	155
Methanococcus_S2	arg	aa	9.0	9	0	7	377	73	155
Methanococcus_S2	arginine	carbon	-0.2	2	3	4	377	73	155
Methanococcus_S2	asparagine	carbon	-0.1	0	1	2	377	73	155
Methanococcus_S2	citrate	carbon	-2.0	0	1	3	377	73	155
Methanococcus_S2	citrulline	carbon	-2.1	1	2	7	377	73	155
Methanococcus_S2	deoxyinosine	carbon	-2.0	1	0	5	377	73	155
Methanococcus_S2	fructose	carbon	-2.0	2	0	3	377	73	155
Methanococcus_S2	fucose	carbon	1.0	3	0	7	377	73	155
Methanococcus_S2	galactose	carbon	-2.0	1	0	5	377	73	155
Methanococcus_S2	gln	aa	2.0	3	0	4	377	73	155
Methanococcus_S2	glucosamine	carbon	-2.0	1	1	4	377	73	155
Methanococcus_S2	glycerol	carbon	1.0	2	0	4	377	73	155
Methanococcus_S2	his	aa	8.0	10	0	11	377	73	155
Methanococcus_S2	histidine	carbon	-0.2	0	2	5	377	73	155
Methanococcus_S2	ile	aa	9.0	9	0	5	377	73	155
Methanococcus_S2	isoleucine	carbon	3.0	3	1	10	377	73	155
Methanococcus_S2	lactose	carbon	-2.0	1	0	5	377	73	155
Methanococcus_S2	leu	aa	9.0	9	0	8	377	73	155
Methanococcus_S2	lys	aa	7.0	7	3	11	377	73	155
Methanococcus_S2	lysine	carbon	-0.2	0	3	6	377	73	155
Methanococcus_S2	mannose	carbon	-1.0	1	0	2	377	73	155
Methanococcus_S2	myoinositol	carbon	-2.0	1	0	9	377	73	155
Methanococcus_S2	phe	aa	3.0	3	1	2	377	73	155
Methanococcus_S2	phenylacetate	carbon	-2.0	1	1	13	377	73	155
Methanococcus_S2	proline	carbon	1.0	1	1	4	377	73	155
Methanococcus_S2	propionate	carbon	-0.1	0	3	6	377	73	155
Methanococcus_S2	putrescine	carbon	-2.0	0	1	5	377	73	155
Methanococcus_S2	rhamnose	carbon	1.0	2	0	6	377	73	155
Methanococcus_S2	serine	carbon	-0.1	0	1	2	377	73	155
Methanococcus_S2	sorbitol	carbon	-2.0	0	1	4	377	73	155
Methanococcus_S2	sucrose	carbon	-2.0	2	0	3	377	73	155
Methanococcus_S2	threonine	carbon	-0.1	1	1	6	377	73	155
Methanococcus_S2	thymidine	carbon	-2.0	0	1	5	377	73	155
Methanococcus_S2	tryptophan	carbon	-0.1	0	1	8	377	73	155
Methanococcus_S2	val	aa	5.0	5	0	4	377	73	155
Methanococcus_S2	valine	carbon	3.0	3	1	11	377	73	155
Miya	4-hydroxybenzoate	carbon	0.0	2	0	7	1145	111	368
Miya	D-lactate	carbon	2.0	2	1	1	1145	111	368
Miya	D-serine	carbon	-2.0	0	1	2	1145	111	368
Miya	L-lactate	carbon	4.0	4	1	1	1145	111	368
Miya	acetate	carbon	3.0	3	0	1	1145	111	368
Miya	asn	aa	-1.1	1	1	3	1145	111	368
Miya	cellobiose	carbon	-2.0	1	1	2	1145	111	368
Miya	chorismate	aa	3.0	8	0	7	1145	111	368
Miya	citrate	carbon	0.0	2	0	3	1145	111	368
Miya	cys	aa	2.0	2	0	2	1145	111	368
Miya	deoxyinosine	carbon	0.0	3	0	5	1145	111	368
Miya	deoxyribonate	carbon	1.0	2	0	6	1145	111	368
Miya	deoxyribose	carbon	1.0	2	0	5	1145	111	368
Miya	ethanol	carbon	0.0	2	1	3	1145	111	368
Miya	fructose	carbon	-2.0	2	0	3	1145	111	368
Miya	fucose	carbon	-0.1	1	1	7	1145	111	368
Miya	galactose	carbon	-2.0	1	1	5	1145	111	368
Miya	gluconate	carbon	-0.3	0	3	4	1145	111	368
Miya	glucosamine	carbon	-2.0	0	1	4	1145	111	368
Miya	glucuronate	carbon	-1.1	1	1	5	1145	111	368
Miya	gly	aa	1.0	1	1	2	1145	111	368
Miya	ile	aa	6.0	8	0	6	1145	111	368
Miya	lactose	carbon	-2.0	1	2	5	1145	111	368
Miya	leu	aa	4.0	7	0	9	1145	111	368
Miya	lys	aa	7.0	7	3	11	1145	111	368
Miya	lysine	carbon	-2.0	1	0	6	1145	111	368
Miya	mannose	carbon	-2.0	0	1	2	1145	111	368
Miya	met	aa	3.0	4	1	5	1145	111	368
Miya	myoinositol	carbon	-2.0	1	0	9	1145	111	368
Miya	phe	aa	3.0	3	0	2	1145	111	368
Miya	phenylacetate	carbon	-0.1	1	1	13	1145	111	368
Miya	propionate	carbon	1.0	3	0	6	1145	111	368
Miya	putrescine	carbon	4.0	4	1	5	1145	111	368
Miya	rhamnose	carbon	-0.1	0	1	6	1145	111	368
Miya	ser	aa	-4.1	0	1	3	1145	111	368
Miya	sorbitol	carbon	-2.0	0	1	4	1145	111	368
Miya	sucrose	carbon	-2.0	2	0	3	1145	111	368
Miya	thr	aa	3.0	4	0	4	1145	111	368
Miya	thymidine	carbon	0.0	2	0	5	1145	111	368
Miya	trehalose	carbon	-2.0	1	1	2	1145	111	368
Miya	trp	aa	7.0	7	1	5	1145	111	368
Miya	tryptophan	carbon	2.0	2	0	8	1145	111	368
Miya	tyrosine	carbon	1.0	1	0	7	1145	111	368
PS	2-oxoglutarate	carbon	-1.1	1	1	1	722	44	329
PS	D-alanine	carbon	-1.0	1	0	2	722	44	329
PS	D-lactate	carbon	1.0	1	0	2	722	44	329
PS	L-malate	carbon	0.0	2	0	1	722	44	329
PS	arg	aa	6.0	8	0	8	722	44	329
PS	arginine	carbon	4.0	5	1	4	722	44	329
PS	asn	aa	3.0	3	0	3	722	44	329
PS	cellobiose	carbon	-2.0	1	1	2	722	44	329
PS	chorismate	aa	-1.0	3	0	6	722	44	329
PS	citrate	carbon	0.0	2	0	2	722	44	329
PS	citrulline	carbon	4.0	5	1	7	722	44	329
PS	deoxyribonate	carbon	2.0	3	0	5	722	44	329
PS	fructose	carbon	-2.0	2	0	3	722	44	329
PS	fucose	carbon	-0.1	1	2	7	722	44	329
PS	galactose	carbon	-2.0	1	0	5	722	44	329
PS	galacturonate	carbon	-2.0	0	1	6	722	44	329
PS	glucosamine	carbon	-2.0	0	1	4	722	44	329
PS	glucose	carbon	-1.0	1	0	1	722	44	329
PS	glucuronate	carbon	0.0	2	0	5	722	44	329
PS	glycerol	carbon	-2.0	1	0	4	722	44	329
PS	his	aa	-5.1	5	1	10	722	44	329
PS	histidine	carbon	-0.3	0	3	5	722	44	329
PS	ile	aa	1.9	4	1	5	722	44	329
PS	lactose	carbon	-2.0	1	2	5	722	44	329
PS	leu	aa	-6.1	1	1	9	722	44	329
PS	lys	aa	9.0	9	2	11	722	44	329
PS	lysine	carbon	1.0	5	2	6	722	44	329
PS	maltose	carbon	-1.0	1	0	2	722	44	329
PS	mannose	carbon	-2.0	0	1	1	722	44	329
PS	myoinositol	carbon	-2.0	1	0	9	722	44	329
PS	phe	aa	3.0	3	1	1	722	44	329
PS	phenylacetate	carbon	4.0	4	4	13	722	44	329
PS	pro	aa	-2.0	2	0	4	722	44	329
PS	proline	carbon	5.0	5	0	4	722	44	329
PS	putrescine	carbon	-1.0	1	0	5	722	44	329
PS	rhamnose	carbon	-0.1	1	1	6	722	44	329
PS	ser	aa	3.0	3	0	2	722	44	329
PS	sorbitol	carbon	-2.0	0	2	4	722	44	329
PS	sucrose	carbon	-2.0	2	0	3	722	44	329
PS	thr	aa	3.0	4	0	2	722	44	329
PS	trehalose	carbon	-2.0	1	1	2	722	44	329
PS	trp	aa	-2.0	0	1	6	722	44	329
PS	tyr	aa	0.0	2	0	1	722	44	329
PS	tyrosine	carbon	5.0	7	0	7	722	44	329
PS	val	aa	2.0	4	0	5	722	44	329
PV4	D-serine	carbon	-0.1	0	1	2	990	80	581
PV4	acetate	carbon	3.0	3	0	2	990	80	581
PV4	arabinose	carbon	-0.1	0	1	4	990	80	581
PV4	asn	aa	1.0	1	0	4	990	80	581
PV4	cellobiose	carbon	3.0	3	0	1	990	80	581
PV4	citrate	carbon	0.0	2	0	3	990	80	581
PV4	deoxyinosine	carbon	7.0	7	0	4	990	80	581
PV4	deoxyribonate	carbon	3.0	4	0	6	990	80	581
PV4	deoxyribose	carbon	3.0	5	2	5	990	80	581
PV4	ethanol	carbon	4.0	4	1	3	990	80	581
PV4	fucose	carbon	-0.1	1	1	7	990	80	581
PV4	galactose	carbon	5.0	5	1	5	990	80	581
PV4	galacturonate	carbon	-2.0	1	0	6	990	80	581
PV4	gln	aa	1.0	1	1	4	990	80	581
PV4	gluconate	carbon	-0.1	2	1	4	990	80	581
PV4	glucosamine	carbon	5.0	5	1	4	990	80	581
PV4	glucuronate	carbon	-1.0	1	0	5	990	80	581
PV4	glycerol	carbon	-2.0	2	0	4	990	80	581
PV4	histidine	carbon	2.0	4	0	5	990	80	581
PV4	ile	aa	6.0	6	1	5	990	80	581
PV4	isoleucine	carbon	14.0	14	2	9	990	80	581
PV4	lactose	carbon	4.0	5	1	5	990	80	581
PV4	leu	aa	9.0	9	1	8	990	80	581
PV4	lys	aa	9.0	9	2	11	990	80	581
PV4	maltose	carbon	3.0	3	0	1	990	80	581
PV4	mannose	carbon	-0.1	0	2	2	990	80	581
PV4	myoinositol	carbon	-2.0	2	0	9	990	80	581
PV4	rhamnose	carbon	-0.1	1	1	6	990	80	581
PV4	ribose	carbon	-1.0	1	0	3	990	80	581
PV4	sorbitol	carbon	-2.0	0	1	4	990	80	581
PV4	thymidine	carbon	7.0	7	0	4	990	80	581
PV4	tryptophan	carbon	3.0	3	3	8	990	80	581
PV4	val	aa	5.0	5	1	4	990	80	581
PV4	xylose	carbon	-0.1	0	1	3	990	80	581
Pedo557	D-alanine	carbon	-0.1	0	1	2	2277	174	1348
Pedo557	D-serine	carbon	-2.0	0	1	2	2277	174	1348
Pedo557	NAG	carbon	1.0	3	0	3	2277	174	1348
Pedo557	arg	aa	8.0	8	1	6	2277	174	1348
Pedo557	asn	aa	4.0	4	0	3	2277	174	1348
Pedo557	deoxyribonate	carbon	3.0	4	0	3	2277	174	1348
Pedo557	galacturonate	carbon	6.0	6	0	5	2277	174	1348
Pedo557	gln	aa	3.0	4	0	4	2277	174	1348
Pedo557	glucosamine	carbon	5.0	5	0	4	2277	174	1348
Pedo557	glucuronate	carbon	0.0	4	0	4	2277	174	1348
Pedo557	his	aa	11.0	11	0	8	2277	174	1348
Pedo557	leu	aa	-5.0	2	0	9	2277	174	1348
Pedo557	mannitol	carbon	-2.0	1	0	2	2277	174	1348
Pedo557	mannose	carbon	-0.1	0	2	2	2277	174	1348
Pedo557	myoinositol	carbon	-0.3	2	3	9	2277	174	1348
Pedo557	pro	aa	3.0	3	1	4	2277	174	1348
Pedo557	ser	aa	-3.0	1	0	3	2277	174	1348
Pedo557	sorbitol	carbon	-2.0	1	0	4	2277	174	1348
Pedo557	thr	aa	5.0	5	0	4	2277	174	1348
Pedo557	trp	aa	7.0	7	1	4	2277	174	1348
Pedo557	tyrosine	carbon	3.0	5	0	7	2277	174	1348
Pedo557	val	aa	5.0	5	0	2	2277	174	1348
Pedo557	xylitol	carbon	-1.1	2	1	2	2277	174	1348
Pedo557	xylose	carbon	3.0	3	0	2	2277	174	1348
Phaeo	D-lactate	carbon	7.0	7	1	1	825	95	390
Phaeo	D-serine	carbon	-1.0	1	0	2	825	95	390
Phaeo	L-lactate	carbon	1.0	1	0	2	825	95	390
Phaeo	acetate	carbon	3.0	3	1	1	825	95	390
Phaeo	arabinose	carbon	-2.0	2	2	4	825	95	390
Phaeo	arg	aa	10.0	10	0	8	825	95	390
Phaeo	asn	aa	4.0	4	1	3	825	95	390
Phaeo	asparagine	carbon	5.0	5	0	1	825	95	390
Phaeo	aspartate	carbon	4.0	4	2	1	825	95	390
Phaeo	chorismate	aa	7.0	7	1	6	825	95	390
Phaeo	cys	aa	2.0	2	1	2	825	95	390
Phaeo	deoxyinosine	carbon	4.8	7	2	5	825	95	390
Phaeo	fucose	carbon	-0.1	2	1	7	825	95	390
Phaeo	galacturonate	carbon	-2.0	1	0	5	825	95	390
Phaeo	gluconate	carbon	-2.0	2	0	4	825	95	390
Phaeo	glucosamine	carbon	7.0	7	1	3	825	95	390
Phaeo	glucose	carbon	5.0	5	1	1	825	95	390
Phaeo	glucuronate	carbon	-0.3	0	3	4	825	95	390
Phaeo	glutamate	carbon	5.0	5	2	2	825	95	390
Phaeo	gly	aa	1.0	1	1	1	825	95	390
Phaeo	glycerol	carbon	1.0	3	1	3	825	95	390
Phaeo	his	aa	11.0	11	1	10	825	95	390
Phaeo	ile	aa	9.0	9	1	5	825	95	390
Phaeo	isoleucine	carbon	9.8	12	2	10	825	95	390
Phaeo	leu	aa	9.0	9	1	8	825	95	390
Phaeo	lys	aa	9.0	9	3	11	825	95	390
Phaeo	lysine	carbon	5.0	7	2	5	825	95	390
Phaeo	maltose	carbon	6.0	6	1	2	825	95	390
Phaeo	mannose	carbon	5.0	5	0	2	825	95	390
Phaeo	phe	aa	3.0	3	1	2	825	95	390
Phaeo	pro	aa	6.0	6	0	4	825	95	390
Phaeo	pyruvate	carbon	-1.1	1	1	1	825	95	390
Phaeo	rhamnose	carbon	-0.1	0	2	6	825	95	390
Phaeo	ser	aa	3.0	3	1	2	825	95	390
Phaeo	sorbitol	carbon	6.0	6	1	3	825	95	390
Phaeo	sucrose	carbon	7.0	7	1	3	825	95	390
Phaeo	thr	aa	3.0	4	0	5	825	95	390
Phaeo	thymidine	carbon	4.0	6	2	4	825	95	390
Phaeo	trehalose	carbon	6.0	6	1	2	825	95	390
Phaeo	tyr	aa	3.0	3	1	1	825	95	390
Phaeo	val	aa	5.0	5	1	4	825	95	390
Phaeo	valine	carbon	8.6	11	4	11	825	95	390
Phaeo	xylitol	carbon	-2.0	1	0	2	825	95	390
Ponti	4-hydroxybenzoate	carbon	4.0	4	3	7	1717	206	885
Ponti	D-serine	carbon	-2.0	0	1	2	1717	206	885
Ponti	NAG	carbon	-2.0	1	0	3	1717	206	885
Ponti	arabinose	carbon	-0.1	0	1	4	1717	206	885
Ponti	arg	aa	8.0	8	1	8	1717	206	885
Ponti	arginine	carbon	4.0	5	2	4	1717	206	885
Ponti	citrate	carbon	0.0	2	0	3	1717	206	885
Ponti	citrulline	carbon	4.0	4	2	7	1717	206	885
Ponti	deoxyinosine	carbon	3.0	5	0	5	1717	206	885
Ponti	deoxyribonate	carbon	3.0	3	0	6	1717	206	885
Ponti	deoxyribose	carbon	3.0	3	1	5	1717	206	885
Ponti	fructose	carbon	-0.1	2	1	3	1717	206	885
Ponti	fucose	carbon	-0.1	1	1	7	1717	206	885
Ponti	galactose	carbon	1.0	3	0	5	1717	206	885
Ponti	galacturonate	carbon	1.0	3	1	6	1717	206	885
Ponti	gln	aa	3.0	4	0	4	1717	206	885
Ponti	gluconate	carbon	-1.1	1	1	4	1717	206	885
Ponti	glucosamine	carbon	-1.0	1	0	4	1717	206	885
Ponti	glucuronate	carbon	0.8	3	2	5	1717	206	885
Ponti	gly	aa	1.0	1	0	2	1717	206	885
Ponti	lysine	carbon	4.0	4	1	6	1717	206	885
Ponti	mannose	carbon	-0.1	0	1	2	1717	206	885
Ponti	myoinositol	carbon	-0.1	2	2	9	1717	206	885
Ponti	phenylacetate	carbon	4.0	7	2	13	1717	206	885
Ponti	phenylalanine	carbon	4.0	8	2	12	1717	206	885
Ponti	pro	aa	3.0	3	1	4	1717	206	885
Ponti	proline	carbon	4.0	4	0	4	1717	206	885
Ponti	putrescine	carbon	-0.2	1	2	5	1717	206	885
Ponti	rhamnose	carbon	-0.1	0	2	6	1717	206	885
Ponti	ribose	carbon	-2.0	0	1	3	1717	206	885
Ponti	ser	aa	0.0	2	0	3	1717	206	885
Ponti	serine	carbon	1.0	1	0	2	1717	206	885
Ponti	thymidine	carbon	3.0	5	0	5	1717	206	885
Ponti	tryptophan	carbon	2.0	4	3	8	1717	206	885
Ponti	tyrosine	carbon	4.0	6	0	7	1717	206	885
Ponti	xylitol	carbon	-2.0	1	0	2	1717	206	885
Putida	D-lactate	carbon	4.0	4	0	1	1614	73	955
Putida	L-lactate	carbon	2.0	2	1	2	1614	73	955
Putida	arabinose	carbon	3.0	3	0	3	1614	73	955
Putida	arg	aa	10.0	10	0	8	1614	73	955
Putida	cellobiose	carbon	6.0	6	0	2	1614	73	955
Putida	chorismate	aa	-1.0	4	0	7	1614	73	955
Putida	fucose	carbon	-0.1	2	2	6	1614	73	955
Putida	galactose	carbon	4.0	5	1	5	1614	73	955
Putida	galacturonate	carbon	1.0	4	0	5	1614	73	955
Putida	glucosamine	carbon	-2.0	0	1	3	1614	73	955
Putida	glucose	carbon	5.0	5	0	1	1614	73	955
Putida	glucuronate	carbon	8.0	8	0	4	1614	73	955
Putida	glutamate	carbon	5.0	5	0	1	1614	73	955
Putida	glycerol	carbon	4.0	4	0	3	1614	73	955
Putida	his	aa	11.0	11	0	10	1614	73	955
Putida	lactose	carbon	5.0	5	1	5	1614	73	955
Putida	lys	aa	9.0	9	3	11	1614	73	955
Putida	mannitol	carbon	-1.0	1	0	2	1614	73	955
Putida	myoinositol	carbon	1.0	4	0	7	1614	73	955
Putida	phe	aa	3.0	3	0	2	1614	73	955
Putida	pro	aa	6.0	6	0	3	1614	73	955
Putida	rhamnose	carbon	-0.1	1	2	5	1614	73	955
Putida	ser	aa	-1.1	1	1	3	1614	73	955
Putida	sorbitol	carbon	-2.0	0	1	4	1614	73	955
Putida	thr	aa	5.0	5	2	3	1614	73	955
Putida	tyr	aa	3.0	3	0	1	1614	73	955
Putida	xylitol	carbon	-0.1	0	1	2	1614	73	955
RalstoniaBSBF1503	D-lactate	carbon	1.0	1	0	2	1129	3	406
RalstoniaBSBF1503	D-serine	carbon	-2.0	0	1	2	1129	3	406
RalstoniaBSBF1503	arabinose	carbon	-2.0	1	1	4	1129	3	406
RalstoniaBSBF1503	asn	aa	4.0	4	1	3	1129	3	406
RalstoniaBSBF1503	cellobiose	carbon	-1.0	2	0	2	1129	3	406
RalstoniaBSBF1503	deoxyribonate	carbon	3.0	4	0	6	1129	3	406
RalstoniaBSBF1503	fucose	carbon	-0.1	1	1	7	1129	3	406
RalstoniaBSBF1503	gluconate	carbon	4.0	4	0	4	1129	3	406
RalstoniaBSBF1503	glucosamine	carbon	-2.0	1	2	4	1129	3	406
RalstoniaBSBF1503	glucose	carbon	-1.0	1	0	1	1129	3	406
RalstoniaBSBF1503	gly	aa	1.0	1	0	2	1129	3	406
RalstoniaBSBF1503	lactose	carbon	2.0	5	0	5	1129	3	406
RalstoniaBSBF1503	leu	aa	9.0	9	1	8	1129	3	406
RalstoniaBSBF1503	maltose	carbon	-1.0	1	1	2	1129	3	406
RalstoniaBSBF1503	phe	aa	3.0	3	0	2	1129	3	406
RalstoniaBSBF1503	pro	aa	7.0	7	1	3	1129	3	406
RalstoniaBSBF1503	rhamnose	carbon	-0.1	0	3	6	1129	3	406
RalstoniaBSBF1503	ser	aa	3.0	3	0	2	1129	3	406
RalstoniaBSBF1503	sorbitol	carbon	-1.1	1	1	4	1129	3	406
RalstoniaBSBF1503	trehalose	carbon	0.0	2	0	2	1129	3	406
RalstoniaBSBF1503	tyr	aa	3.0	3	1	1	1129	3	406
RalstoniaBSBF1503	val	aa	5.0	5	1	4	1129	3	406
RalstoniaBSBF1503	xylitol	carbon	-2.0	1	0	2	1129	3	406
RalstoniaGMI1000	D-alanine	carbon	-1.0	1	0	2	1232	1	462
RalstoniaGMI1000	D-lactate	carbon	4.0	4	0	1	1232	1	462
RalstoniaGMI1000	D-serine	carbon	-2.0	0	1	2	1232	1	462
RalstoniaGMI1000	arabinose	carbon	3.0	6	0	4	1232	1	462
RalstoniaGMI1000	arg	aa	10.0	10	1	8	1232	1	462
RalstoniaGMI1000	asn	aa	4.0	4	0	3	1232	1	462
RalstoniaGMI1000	asparagine	carbon	5.0	5	1	1	1232	1	462
RalstoniaGMI1000	cellobiose	carbon	-1.0	2	0	2	1232	1	462
RalstoniaGMI1000	chorismate	aa	7.0	7	0	6	1232	1	462
RalstoniaGMI1000	citrate	carbon	3.0	3	0	2	1232	1	462
RalstoniaGMI1000	cys	aa	2.0	2	1	2	1232	1	462
RalstoniaGMI1000	deoxyinosine	carbon	2.0	2	0	5	1232	1	462
RalstoniaGMI1000	deoxyribonate	carbon	3.0	4	0	6	1232	1	462
RalstoniaGMI1000	fucose	carbon	-0.1	1	1	7	1232	1	462
RalstoniaGMI1000	gluconate	carbon	1.0	3	0	4	1232	1	462
RalstoniaGMI1000	glucosamine	carbon	-2.0	1	2	4	1232	1	462
RalstoniaGMI1000	glucose	carbon	-1.0	1	0	1	1232	1	462
RalstoniaGMI1000	gly	aa	1.0	1	0	2	1232	1	462
RalstoniaGMI1000	glycerol	carbon	1.0	3	0	4	1232	1	462
RalstoniaGMI1000	his	aa	11.0	11	0	10	1232	1	462
RalstoniaGMI1000	lactose	carbon	-1.0	4	0	5	1232	1	462
RalstoniaGMI1000	leu	aa	9.0	9	1	8	1232	1	462
RalstoniaGMI1000	lys	aa	9.0	9	2	10	1232	1	462
RalstoniaGMI1000	lysine	carbon	7.0	9	2	6	1232	1	462
RalstoniaGMI1000	maltose	carbon	-1.0	1	1	2	1232	1	462
RalstoniaGMI1000	mannose	carbon	-0.1	0	1	2	1232	1	462
RalstoniaGMI1000	myoinositol	carbon	11.0	11	1	4	1232	1	462
RalstoniaGMI1000	phe	aa	3.0	3	1	2	1232	1	462
RalstoniaGMI1000	phenylacetate	carbon	9.0	11	3	12	1232	1	462
RalstoniaGMI1000	pro	aa	7.0	7	1	3	1232	1	462
RalstoniaGMI1000	rhamnose	carbon	-0.1	0	3	6	1232	1	462
RalstoniaGMI1000	sorbitol	carbon	6.0	6	1	3	1232	1	462
RalstoniaGMI1000	thymidine	carbon	2.0	2	1	5	1232	1	462
RalstoniaGMI1000	trehalose	carbon	0.0	2	0	2	1232	1	462
RalstoniaGMI1000	trp	aa	7.0	7	0	4	1232	1	462
RalstoniaGMI1000	val	aa	5.0	5	1	4	1232	1	462
RalstoniaGMI1000	xylitol	carbon	-1.1	1	1	2	1232	1	462
RalstoniaGMI1000	xylose	carbon	3.0	4	0	3	1232	1	462
RalstoniaPSI07	D-lactate	carbon	1.0	1	0	2	1117	3	405
RalstoniaPSI07	D-serine	carbon	-2.0	0	1	2	1117	3	405
RalstoniaPSI07	arabinose	carbon	-2.0	1	1	4	1117	3	405
RalstoniaPSI07	asn	aa	4.0	4	1	3	1117	3	405
RalstoniaPSI07	cellobiose	carbon	-1.0	2	0	2	1117	3	405
RalstoniaPSI07	deoxyribonate	carbon	3.0	4	0	6	1117	3	405
RalstoniaPSI07	fucose	carbon	-0.1	1	1	6	1117	3	405
RalstoniaPSI07	gluconate	carbon	4.0	4	0	4	1117	3	405
RalstoniaPSI07	glucosamine	carbon	-2.0	1	2	4	1117	3	405
RalstoniaPSI07	glucose	carbon	-1.0	1	0	1	1117	3	405
RalstoniaPSI07	gly	aa	1.0	1	0	2	1117	3	405
RalstoniaPSI07	lactose	carbon	2.0	5	0	5	1117	3	405
RalstoniaPSI07	leu	aa	9.0	9	1	8	1117	3	405
RalstoniaPSI07	maltose	carbon	-1.0	1	1	2	1117	3	405
RalstoniaPSI07	phe	aa	3.0	3	0	2	1117	3	405
RalstoniaPSI07	pro	aa	7.0	7	1	3	1117	3	405
RalstoniaPSI07	rhamnose	carbon	-0.1	0	3	5	1117	3	405
RalstoniaPSI07	ser	aa	3.0	3	0	2	1117	3	405
RalstoniaPSI07	sorbitol	carbon	-1.1	1	1	4	1117	3	405
RalstoniaPSI07	trehalose	carbon	0.0	2	0	2	1117	3	405
RalstoniaPSI07	tyr	aa	3.0	3	1	1	1117	3	405
RalstoniaPSI07	val	aa	5.0	5	1	4	1117	3	405
RalstoniaPSI07	xylitol	carbon	-1.1	1	1	2	1117	3	405
RalstoniaUW163	D-lactate	carbon	4.0	4	0	2	1205	1	409
RalstoniaUW163	D-serine	carbon	-2.0	0	1	2	1205	1	409
RalstoniaUW163	arabinose	carbon	3.0	6	0	4	1205	1	409
RalstoniaUW163	asn	aa	4.0	4	1	3	1205	1	409
RalstoniaUW163	cellobiose	carbon	-1.0	2	0	2	1205	1	409
RalstoniaUW163	deoxyribonate	carbon	3.0	4	0	6	1205	1	409
RalstoniaUW163	fucose	carbon	-0.1	1	1	7	1205	1	409
RalstoniaUW163	gluconate	carbon	4.0	4	0	4	1205	1	409
RalstoniaUW163	glucosamine	carbon	-2.0	1	2	4	1205	1	409
RalstoniaUW163	glucose	carbon	-1.0	1	0	1	1205	1	409
RalstoniaUW163	gly	aa	1.0	1	0	2	1205	1	409
RalstoniaUW163	lactose	carbon	2.0	5	0	5	1205	1	409
RalstoniaUW163	leu	aa	9.0	9	1	7	1205	1	409
RalstoniaUW163	maltose	carbon	-1.0	1	0	2	1205	1	409
RalstoniaUW163	phe	aa	3.0	3	0	2	1205	1	409
RalstoniaUW163	pro	aa	7.0	7	1	3	1205	1	409
RalstoniaUW163	rhamnose	carbon	-0.1	0	3	6	1205	1	409
RalstoniaUW163	ser	aa	0.0	2	0	3	1205	1	409
RalstoniaUW163	sorbitol	carbon	-1.1	1	1	4	1205	1	409
RalstoniaUW163	trehalose	carbon	0.0	2	0	2	1205	1	409
RalstoniaUW163	tyr	aa	3.0	3	1	1	1205	1	409
RalstoniaUW163	val	aa	5.0	5	1	3	1205	1	409
RalstoniaUW163	xylitol	carbon	-2.0	1	0	2	1205	1	409
Smeli	D-lactate	carbon	3.0	3	0	2	2282	109	1608
Smeli	D-serine	carbon	-2.0	0	1	2	2282	109	1608
Smeli	aspartate	carbon	4.0	4	0	2	2282	109	1608
Smeli	citrate	carbon	0.9	3	1	3	2282	109	1608
Smeli	galacturonate	carbon	-1.1	3	1	5	2282	109	1608
Smeli	pro	aa	6.0	6	0	4	2282	109	1608
Smeli	tyr	aa	3.0	3	1	1	2282	109	1608
SynE	D-lactate	carbon	1.0	1	0	2	1065	255	631
SynE	L-lactate	carbon	-1.0	1	0	2	1065	255	631
SynE	NAG	carbon	0.0	2	0	3	1065	255	631
SynE	acetate	carbon	-1.0	1	0	2	1065	255	631
SynE	arginine	carbon	-2.0	3	1	4	1065	255	631
SynE	citrate	carbon	0.0	2	0	3	1065	255	631
SynE	citrulline	carbon	-2.1	0	2	7	1065	255	631
SynE	cys	aa	2.0	2	1	2	1065	255	631
SynE	fructose	carbon	-2.0	2	0	3	1065	255	631
SynE	fucose	carbon	-2.0	1	0	7	1065	255	631
SynE	galactose	carbon	-2.0	1	1	5	1065	255	631
SynE	galacturonate	carbon	-2.0	0	1	6	1065	255	631
SynE	gluconate	carbon	-2.0	1	0	4	1065	255	631
SynE	glucosamine	carbon	0.0	2	1	4	1065	255	631
SynE	gly	aa	1.0	1	1	2	1065	255	631
SynE	glycerol	carbon	-2.0	2	0	4	1065	255	631
SynE	isoleucine	carbon	5.0	6	1	10	1065	255	631
SynE	leucine	carbon	5.0	6	0	10	1065	255	631
SynE	lys	aa	7.0	7	3	11	1065	255	631
SynE	lysine	carbon	-2.0	0	1	6	1065	255	631
SynE	mannose	carbon	-2.0	0	1	2	1065	255	631
SynE	met	aa	7.0	7	1	6	1065	255	631
SynE	myoinositol	carbon	-2.0	1	0	9	1065	255	631
SynE	phenylalanine	carbon	-2.0	1	0	12	1065	255	631
SynE	proline	carbon	5.0	5	0	4	1065	255	631
SynE	propionate	carbon	-2.0	2	1	6	1065	255	631
SynE	putrescine	carbon	-2.0	0	1	5	1065	255	631
SynE	rhamnose	carbon	-2.0	0	1	6	1065	255	631
SynE	serine	carbon	5.0	5	0	2	1065	255	631
SynE	sorbitol	carbon	-2.0	0	2	4	1065	255	631
SynE	valine	carbon	5.0	6	1	11	1065	255	631
SyringaeB728a	L-lactate	carbon	1.0	1	0	2	1255	55	763
SyringaeB728a	acetate	carbon	3.0	3	1	1	1255	55	763
SyringaeB728a	citrate	carbon	3.0	3	1	3	1255	55	763
SyringaeB728a	deoxyribonate	carbon	7.0	7	1	4	1255	55	763
SyringaeB728a	fucose	carbon	-0.1	1	1	7	1255	55	763
SyringaeB728a	gluconate	carbon	4.0	4	0	4	1255	55	763
SyringaeB728a	glycerol	carbon	8.0	8	1	4	1255	55	763
SyringaeB728a	his	aa	11.0	11	0	10	1255	55	763
SyringaeB728a	phe	aa	3.0	3	0	2	1255	55	763
SyringaeB728a	pyruvate	carbon	2.0	2	0	1	1255	55	763
SyringaeB728a	rhamnose	carbon	-0.1	1	1	5	1255	55	763
SyringaeB728a	ser	aa	3.0	3	0	2	1255	55	763
SyringaeB728a	thr	aa	3.0	4	0	5	1255	55	763
SyringaeB728a	tyr	aa	3.0	3	0	1	1255	55	763
SyringaeB728a	val	aa	5.0	5	0	4	1255	55	763
SyringaeB728a_mexBdelta	NAG	carbon	0.0	2	0	3	1255	42	763
SyringaeB728a_mexBdelta	fucose	carbon	-0.1	1	1	7	1255	42	763
SyringaeB728a_mexBdelta	pyruvate	carbon	2.0	2	0	1	1255	42	763
SyringaeB728a_mexBdelta	rhamnose	carbon	1.0	1	1	6	1255	42	763
WCS417	D-alanine	carbon	5.0	5	1	1	968	50	504
WCS417	D-lactate	carbon	2.0	2	0	1	968	50	504
WCS417	acetate	carbon	3.0	3	1	1	968	50	504
WCS417	arabinose	carbon	8.0	8	0	4	968	50	504
WCS417	arg	aa	10.0	10	1	8	968	50	504
WCS417	asparagine	carbon	5.0	5	0	1	968	50	504
WCS417	citrate	carbon	3.0	3	0	2	968	50	504
WCS417	cys	aa	2.0	2	1	2	968	50	504
WCS417	deoxyinosine	carbon	3.0	4	0	5	968	50	504
WCS417	deoxyribonate	carbon	7.0	7	1	5	968	50	504
WCS417	ethanol	carbon	4.0	4	1	3	968	50	504
WCS417	fucose	carbon	1.0	3	2	6	968	50	504
WCS417	galactose	carbon	9.0	9	0	5	968	50	504
WCS417	galacturonate	carbon	6.0	6	1	5	968	50	504
WCS417	gln	aa	3.0	4	0	4	968	50	504
WCS417	gluconate	carbon	8.0	8	0	4	968	50	504
WCS417	glucosamine	carbon	8.0	8	2	3	968	50	504
WCS417	glutamate	carbon	5.0	5	0	1	968	50	504
WCS417	his	aa	11.0	11	0	10	968	50	504
WCS417	histidine	carbon	9.0	9	4	4	968	50	504
WCS417	isoleucine	carbon	18.0	18	2	9	968	50	504
WCS417	lactose	carbon	5.0	6	1	5	968	50	504
WCS417	lys	aa	9.0	9	3	11	968	50	504
WCS417	mannose	carbon	5.0	5	1	1	968	50	504
WCS417	myoinositol	carbon	11.0	11	1	8	968	50	504
WCS417	phe	aa	3.0	3	0	2	968	50	504
WCS417	phenylacetate	carbon	4.0	4	3	13	968	50	504
WCS417	pro	aa	6.0	6	1	3	968	50	504
WCS417	putrescine	carbon	8.0	8	0	5	968	50	504
WCS417	rhamnose	carbon	-0.1	0	3	6	968	50	504
WCS417	ribose	carbon	4.0	4	1	3	968	50	504
WCS417	serine	carbon	6.0	6	0	1	968	50	504
WCS417	sorbitol	carbon	6.0	6	1	3	968	50	504
WCS417	sucrose	carbon	5.0	5	1	3	968	50	504
WCS417	thr	aa	5.0	5	1	3	968	50	504
WCS417	threonine	carbon	13.0	13	2	6	968	50	504
WCS417	thymidine	carbon	3.0	4	0	5	968	50	504
WCS417	trp	aa	7.0	7	1	5	968	50	504
WCS417	tryptophan	carbon	14.0	14	3	8	968	50	504
WCS417	tyrosine	carbon	8.0	8	1	6	968	50	504
WCS417	valine	carbon	19.0	19	2	7	968	50	504
acidovorax_3H11	D-alanine	carbon	-1.0	1	1	1	1045	41	385
acidovorax_3H11	D-lactate	carbon	3.0	3	0	2	1045	41	385
acidovorax_3H11	D-serine	carbon	-1.0	1	0	2	1045	41	385
acidovorax_3H11	L-lactate	carbon	2.0	2	0	2	1045	41	385
acidovorax_3H11	acetate	carbon	2.0	2	1	1	1045	41	385
acidovorax_3H11	arg	aa	5.9	8	1	8	1045	41	385
acidovorax_3H11	asn	aa	4.0	4	0	3	1045	41	385
acidovorax_3H11	cellobiose	carbon	5.0	5	0	2	1045	41	385
acidovorax_3H11	citrate	carbon	2.0	4	1	2	1045	41	385
acidovorax_3H11	cys	aa	2.0	2	2	2	1045	41	385
acidovorax_3H11	fructose	carbon	4.0	4	1	3	1045	41	385
acidovorax_3H11	fucose	carbon	-0.1	2	1	6	1045	41	385
acidovorax_3H11	galactose	carbon	8.0	8	0	5	1045	41	385
acidovorax_3H11	galacturonate	carbon	3.0	5	0	3	1045	41	385
acidovorax_3H11	gln	aa	3.0	4	1	3	1045	41	385
acidovorax_3H11	gluconate	carbon	6.0	6	1	4	1045	41	385
acidovorax_3H11	glucosamine	carbon	-2.0	1	1	3	1045	41	385
acidovorax_3H11	his	aa	11.0	11	1	9	1045	41	385
acidovorax_3H11	ile	aa	6.0	6	0	3	1045	41	385
acidovorax_3H11	lactose	carbon	5.0	6	1	5	1045	41	385
acidovorax_3H11	leu	aa	9.0	9	1	5	1045	41	385
acidovorax_3H11	maltose	carbon	5.0	5	0	2	1045	41	385
acidovorax_3H11	myoinositol	carbon	-2.0	2	0	9	1045	41	385
acidovorax_3H11	phe	aa	3.0	3	0	2	1045	41	385
acidovorax_3H11	pro	aa	6.0	6	0	4	1045	41	385
acidovorax_3H11	rhamnose	carbon	-0.1	0	3	5	1045	41	385
acidovorax_3H11	ribose	carbon	4.0	4	0	3	1045	41	385
acidovorax_3H11	ser	aa	3.0	3	1	2	1045	41	385
acidovorax_3H11	serine	carbon	6.0	6	3	2	1045	41	385
acidovorax_3H11	sucrose	carbon	5.0	5	1	3	1045	41	385
acidovorax_3H11	trehalose	carbon	5.0	5	0	2	1045	41	385
acidovorax_3H11	trp	aa	7.0	7	0	6	1045	41	385
acidovorax_3H11	val	aa	5.0	5	0	2	1045	41	385
acidovorax_3H11	xylitol	carbon	-2.0	1	0	2	1045	41	385
azobra	D-lactate	carbon	4.0	4	0	2	2311	80	834
azobra	D-serine	carbon	-2.0	0	1	2	2311	80	834
azobra	L-lactate	carbon	4.0	4	0	2	2311	80	834
azobra	arg	aa	10.0	10	1	7	2311	80	834
azobra	deoxyribonate	carbon	2.0	4	0	6	2311	80	834
azobra	fucose	carbon	1.0	4	1	6	2311	80	834
azobra	ile	aa	9.0	9	1	5	2311	80	834
azobra	leu	aa	9.0	9	1	8	2311	80	834
azobra	mannitol	carbon	-1.1	1	1	2	2311	80	834
azobra	mannose	carbon	-0.1	2	2	2	2311	80	834
azobra	myoinositol	carbon	-2.0	4	0	9	2311	80	834
azobra	phe	aa	3.0	3	1	2	2311	80	834
azobra	pro	aa	7.0	7	0	4	2311	80	834
azobra	rhamnose	carbon	-0.1	1	2	4	2311	80	834
azobra	ribose	carbon	-1.0	1	1	3	2311	80	834
azobra	sorbitol	carbon	-1.1	1	1	3	2311	80	834
azobra	thr	aa	5.0	5	0	4	2311	80	834
azobra	tyrosine	carbon	2.0	3	3	7	2311	80	834
azobra	val	aa	5.0	5	1	4	2311	80	834
azobra	xylitol	carbon	-0.1	1	1	2	2311	80	834
psRCH2	2-oxoglutarate	carbon	2.0	2	0	1	990	110	550
psRCH2	D-serine	carbon	-0.1	0	2	1	990	110	550
psRCH2	L-lactate	carbon	1.0	3	0	2	990	110	550
psRCH2	L-malate	carbon	1.0	2	0	1	990	110	550
psRCH2	acetate	carbon	3.0	3	0	1	990	110	550
psRCH2	arg	aa	10.0	10	0	2	990	110	550
psRCH2	asn	aa	4.0	4	1	2	990	110	550
psRCH2	cellobiose	carbon	6.0	6	0	2	990	110	550
psRCH2	cys	aa	2.0	2	1	2	990	110	550
psRCH2	deoxyinosine	carbon	3.0	4	0	4	990	110	550
psRCH2	fructose	carbon	5.0	5	0	3	990	110	550
psRCH2	fucose	carbon	-0.1	1	1	7	990	110	550
psRCH2	galactose	carbon	4.0	6	1	5	990	110	550
psRCH2	galacturonate	carbon	3.0	5	0	4	990	110	550
psRCH2	gln	aa	3.0	4	0	2	990	110	550
psRCH2	gluconate	carbon	-2.0	2	0	4	990	110	550
psRCH2	glucosamine	carbon	-2.0	0	1	3	990	110	550
psRCH2	glucose	carbon	5.0	5	0	1	990	110	550
psRCH2	glucuronate	carbon	8.0	8	0	3	990	110	550
psRCH2	glutamate	carbon	-1.0	1	1	1	990	110	550
psRCH2	gly	aa	1.0	1	0	1	990	110	550
psRCH2	glycerol	carbon	4.0	4	0	3	990	110	550
psRCH2	his	aa	11.0	11	0	7	990	110	550
psRCH2	histidine	carbon	4.0	4	1	6	990	110	550
psRCH2	lactose	carbon	5.0	5	1	5	990	110	550
psRCH2	maltose	carbon	-1.0	1	0	2	990	110	550
psRCH2	mannitol	carbon	-2.0	1	1	2	990	110	550
psRCH2	myoinositol	carbon	-2.0	2	0	8	990	110	550
psRCH2	phe	aa	3.0	3	0	2	990	110	550
psRCH2	rhamnose	carbon	-0.1	0	2	6	990	110	550
psRCH2	ribose	carbon	-2.0	0	1	3	990	110	550
psRCH2	ser	aa	0.0	2	0	3	990	110	550
psRCH2	serine	carbon	6.0	6	0	1	990	110	550
psRCH2	sorbitol	carbon	-2.0	0	1	3	990	110	550
psRCH2	thymidine	carbon	3.0	4	0	4	990	110	550
psRCH2	trehalose	carbon	6.0	6	1	2	990	110	550
psRCH2	trp	aa	7.0	7	0	3	990	110	550
psRCH2	tyr	aa	3.0	3	0	1	990	110	550
psRCH2	xylose	carbon	-0.4	0	4	3	990	110	550
pseudo13_GW456_L13	2-oxoglutarate	carbon	2.0	2	0	1	924	46	428
pseudo13_GW456_L13	L-lactate	carbon	4.0	4	0	1	924	46	428
pseudo13_GW456_L13	L-malate	carbon	1.0	2	0	1	924	46	428
pseudo13_GW456_L13	aspartate	carbon	4.0	4	2	1	924	46	428
pseudo13_GW456_L13	fumarate	carbon	1.0	2	0	1	924	46	428
pseudo13_GW456_L13	succinate	carbon	3.0	3	0	1	924	46	428
pseudo1_N1B4	2-oxoglutarate	carbon	2.0	2	0	1	1350	48	525
pseudo1_N1B4	L-lactate	carbon	4.0	4	1	2	1350	48	525
pseudo1_N1B4	L-malate	carbon	1.0	2	0	1	1350	48	525
pseudo1_N1B4	aspartate	carbon	1.0	2	1	1	1350	48	525
pseudo1_N1B4	fumarate	carbon	1.0	2	0	1	1350	48	525
pseudo1_N1B4	succinate	carbon	3.0	3	0	1	1350	48	525
pseudo3_N2E3	2-oxoglutarate	carbon	2.0	2	0	1	1354	95	746
pseudo3_N2E3	L-lactate	carbon	4.0	4	0	2	1354	95	746
pseudo3_N2E3	L-malate	carbon	1.0	2	0	1	1354	95	746
pseudo3_N2E3	aspartate	carbon	4.0	4	2	1	1354	95	746
pseudo3_N2E3	fumarate	carbon	1.0	2	0	1	1354	95	746
pseudo3_N2E3	succinate	carbon	3.0	3	0	1	1354	95	746
pseudo5_N2C3_1	2-oxoglutarate	carbon	2.0	2	0	1	1188	99	717
pseudo5_N2C3_1	L-lactate	carbon	4.0	4	0	1	1188	99	717
pseudo5_N2C3_1	L-malate	carbon	1.0	2	0	1	1188	99	717
pseudo5_N2C3_1	aspartate	carbon	1.0	2	1	1	1188	99	717
pseudo5_N2C3_1	fumarate	carbon	1.0	2	0	1	1188	99	717
pseudo5_N2C3_1	succinate	carbon	3.0	3	0	1	1188	99	717
pseudo6_N2E2	2-oxoglutarate	carbon	2.0	2	0	1	1177	92	542
pseudo6_N2E2	L-lactate	carbon	4.0	4	0	2	1177	92	542
pseudo6_N2E2	L-malate	carbon	1.0	2	0	1	1177	92	542
pseudo6_N2E2	aspartate	carbon	4.0	4	2	1	1177	92	542
pseudo6_N2E2	fumarate	carbon	1.0	2	0	1	1177	92	542
pseudo6_N2E2	succinate	carbon	3.0	3	0	1	1177	92	542
