gtdb_phylum	gtdb_class	gtdb_order	n_species	n_phaC	pct_phaC	n_complete	pct_complete
Bacteroidota	Bacteroidia	Bacteroidales	1922	6	0.3	3	0.2
Bacillota_A	Clostridia	Oscillospirales	1439	9	0.6	9	0.6
Pseudomonadota	Gammaproteobacteria	Burkholderiales	1379	1059	76.8	1056	76.6
Bacillota_A	Clostridia	Lachnospirales	1282	38	3.0	24	1.9
Pseudomonadota	Gammaproteobacteria	Pseudomonadales	1188	801	67.4	801	67.4
Actinomycetota	Actinomycetia	Actinomycetales	871	24	2.8	16	1.8
Bacteroidota	Bacteroidia	Flavobacteriales	853	3	0.4	3	0.4
Pseudomonadota	Alphaproteobacteria	Rhizobiales	813	718	88.3	718	88.3
Bacillota	Bacilli	Lactobacillales	697	17	2.4	17	2.4
Actinomycetota	Actinomycetia	Mycobacteriales	689	408	59.2	408	59.2
Pseudomonadota	Gammaproteobacteria	Enterobacterales_A	581	219	37.7	217	37.3
Pseudomonadota	Gammaproteobacteria	Enterobacterales	472	11	2.3	11	2.3
Bacillota_A	Clostridia	Christensenellales	449	1	0.2	1	0.2
Pseudomonadota	Alphaproteobacteria	Rhodobacterales	415	392	94.5	392	94.5
Actinomycetota	Coriobacteriia	Coriobacteriales	394	3	0.8	2	0.5
Actinomycetota	Actinomycetia	Streptomycetales	393	7	1.8	7	1.8
Bacillota	Bacilli	Bacillales	322	145	45.0	140	43.5
Actinomycetota	Acidimicrobiia	Acidimicrobiales	303	34	11.2	34	11.2
Pseudomonadota	Alphaproteobacteria	Sphingomonadales	292	280	95.9	280	95.9
Pseudomonadota	Gammaproteobacteria	Xanthomonadales	289	266	92.0	266	92.0
Bacteroidota	Bacteroidia	Chitinophagales	286	47	16.4	47	16.4
Pseudomonadota	Alphaproteobacteria	Pelagibacterales	265	13	4.9	13	4.9
Campylobacterota	Campylobacteria	Campylobacterales	265	0	0.0	0	0.0
Bacillota	Bacilli	RF39	251	0	0.0	0	0.0
Patescibacteria	Paceibacteria	UBA9983_A	208	0	0.0	0	0.0
Bacillota_A	Clostridia	Peptostreptococcales	168	5	3.0	5	3.0
Cyanobacteriota	Cyanobacteriia	PCC-6307	167	0	0.0	0	0.0
Verrucomicrobiota	Verrucomicrobiae	Opitutales	162	0	0.0	0	0.0
Bacillota	Bacilli	Erysipelotrichales	157	8	5.1	1	0.6
Cyanobacteriota	Cyanobacteriia	Cyanobacteriales	156	36	23.1	35	22.4
Pseudomonadota	Alphaproteobacteria	Acetobacterales	152	70	46.1	70	46.1
Bacillota_A	Clostridia	TANB77	151	0	0.0	0	0.0
Actinomycetota	Actinomycetia	Nanopelagicales	149	3	2.0	3	2.0
Bacillota	Bacilli	Paenibacillales	149	0	0.0	0	0.0
Spirochaetota	Spirochaetia	Treponematales	143	3	2.1	3	2.1
Pseudomonadota	Alphaproteobacteria	Caulobacterales	142	141	99.3	141	99.3
Bacteroidota	Bacteroidia	Cytophagales	141	1	0.7	1	0.7
Thermoplasmatota	Poseidoniia	Poseidoniales	141	0	0.0	0	0.0
Bacillota_A	Clostridia	Clostridiales	122	3	2.5	3	2.5
Halobacteriota	Halobacteria	Halobacteriales	120	74	61.7	74	61.7
Actinomycetota	Actinomycetia	Propionibacteriales	113	55	48.7	55	48.7
Bacillota	Bacilli	Mycoplasmatales	109	0	0.0	0	0.0
Chloroflexota	Anaerolineae	Anaerolineales	103	1	1.0	1	1.0
Bacillota	Bacilli	Staphylococcales	101	0	0.0	0	0.0
Patescibacteria	Saccharimonadia	Saccharimonadales	99	1	1.0	1	1.0
Planctomycetota	Planctomycetia	Pirellulales	95	4	4.2	4	4.2
Bacillota	Bacilli	RFN20	95	0	0.0	0	0.0
Bacillota_C	Negativicutes	Veillonellales	94	5	5.3	4	4.3
Pseudomonadota	Gammaproteobacteria	Methylococcales	93	13	14.0	13	14.0
Pseudomonadota	Gammaproteobacteria	SAR86	90	0	0.0	0	0.0
Bacteroidota	Bacteroidia	Sphingobacteriales	90	0	0.0	0	0.0
Bacillota_A	Clostridia	Tissierellales	87	14	16.1	14	16.1
Verrucomicrobiota	Verrucomicrobiae	Pedosphaerales	86	3	3.5	0	0.0
Verrucomicrobiota	Verrucomicrobiae	Verrucomicrobiales	85	2	2.4	2	2.4
Desulfobacterota	Desulfovibrionia	Desulfovibrionales	84	0	0.0	0	0.0
Thermoproteota	Nitrososphaeria	Nitrososphaerales	84	65	77.4	65	77.4
Planctomycetota	Phycisphaerae	Phycisphaerales	81	1	1.2	1	1.2
Acidobacteriota	Terriglobia	Terriglobales	79	8	10.1	8	10.1
Bacillota_C	Negativicutes	Selenomonadales	78	1	1.3	0	0.0
Cyanobacteriota	Vampirovibrionia	Gastranaerophilales	77	0	0.0	0	0.0
Actinomycetota	Actinomycetia	Streptosporangiales	76	23	30.3	23	30.3
Desulfobacterota	Desulfobacteria	Desulfobacterales	71	29	40.8	29	40.8
Pseudomonadota	Alphaproteobacteria	Rickettsiales	70	22	31.4	22	31.4
Verrucomicrobiota	Verrucomicrobiae	Chthoniobacterales	65	1	1.5	1	1.5
Methanobacteriota	Methanobacteria	Methanobacteriales	64	0	0.0	0	0.0
Pseudomonadota	Gammaproteobacteria	Legionellales	64	61	95.3	61	95.3
Marinisomatota	Marinisomatia	Marinisomatales	61	0	0.0	0	0.0
Pseudomonadota	Alphaproteobacteria	RF32	60	0	0.0	0	0.0
Bacillota	Bacilli	Bacillales_D	59	0	0.0	0	0.0
Thermoplasmatota	Thermoplasmata	Thermoplasmatales	58	0	0.0	0	0.0
Fusobacteriota	Fusobacteriia	Fusobacteriales	58	3	5.2	0	0.0
Pseudomonadota	Gammaproteobacteria	Chromatiales	58	40	69.0	40	69.0
Synergistota	Synergistia	Synergistales	57	1	1.8	0	0.0
Halobacteriota	Methanomicrobia	Methanomicrobiales	57	1	1.8	1	1.8
Nitrospirota	Nitrospiria	Nitrospirales	57	3	5.3	3	5.3
Nanoarchaeota	Nanoarchaeia	Woesearchaeales	57	0	0.0	0	0.0
Pseudomonadota	Alphaproteobacteria	HIMB59	57	1	1.8	1	1.8
Spirochaetota	Leptospirae	Leptospirales	54	0	0.0	0	0.0
Bacteroidota	Chlorobia	Chlorobiales	53	0	0.0	0	0.0
Bacillota_A	Clostridia	Saccharofermentanales	53	0	0.0	0	0.0
Deinococcota	Deinococci	Deinococcales	52	3	5.8	3	5.8
Bacteroidota	Ignavibacteria	Ignavibacteriales	52	0	0.0	0	0.0
Gemmatimonadota	Gemmatimonadetes	Longimicrobiales	48	0	0.0	0	0.0
Gemmatimonadota	Gemmatimonadetes	Gemmatimonadales	48	0	0.0	0	0.0
Patescibacteria	Paceibacteria	UBA6257	47	0	0.0	0	0.0
Bacillota_C	Negativicutes	Acidaminococcales	47	0	0.0	0	0.0
Pseudomonadota	Alphaproteobacteria	Rhodospirillales_A	47	33	70.2	33	70.2
Chlamydiota	Chlamydiia	Chlamydiales	46	0	0.0	0	0.0
Desulfobacterota	Syntrophia	Syntrophales	45	25	55.6	25	55.6
Thermoproteota	Thermoprotei_A	Sulfolobales	45	0	0.0	0	0.0
Patescibacteria	ABY1	SG8-24	45	0	0.0	0	0.0
Patescibacteria	Paceibacteria	Paceibacterales	45	0	0.0	0	0.0
Desulfobacterota	Desulfobulbia	Desulfobulbales	45	4	8.9	4	8.9
Bacillota	Bacilli	Acholeplasmatales	44	0	0.0	0	0.0
Patescibacteria	Paceibacteria	Moranbacterales	44	0	0.0	0	0.0
Pseudomonadota	Gammaproteobacteria	Steroidobacterales	44	26	59.1	26	59.1
Verrucomicrobiota	Kiritimatiellia	RFP12	42	0	0.0	0	0.0
Micrarchaeota	Micrarchaeia	Micrarchaeales	42	0	0.0	0	0.0
Acidobacteriota	Terriglobia	Bryobacterales	41	1	2.4	0	0.0
Myxococcota	Myxococcia	Myxococcales	41	24	58.5	24	58.5
Halobacteriota	Methanosarcinia	Methanosarcinales	41	6	14.6	6	14.6
Bacteroidota	Rhodothermia	Balneolales	40	0	0.0	0	0.0
Elusimicrobiota	Elusimicrobia	Elusimicrobiales	40	0	0.0	0	0.0
Nitrospirota	Thermodesulfovibrionia	Thermodesulfovibrionales	40	11	27.5	10	25.0
Planctomycetota	Planctomycetia	Planctomycetales	39	1	2.6	1	2.6
Pseudomonadota	Gammaproteobacteria	PS1	39	2	5.1	2	5.1
Bacteroidota	Bacteroidia	NS11-12g	38	6	15.8	6	15.8
Verrucomicrobiota	Lentisphaeria	Victivallales	38	0	0.0	0	0.0
Nanoarchaeota	Nanoarchaeia	Pacearchaeales	37	0	0.0	0	0.0
Pseudomonadota	Alphaproteobacteria	Rs-D84	36	0	0.0	0	0.0
Pseudomonadota	Alphaproteobacteria	Puniceispirillales	36	5	13.9	5	13.9
Patescibacteria	Microgenomatia	UBA1400	35	0	0.0	0	0.0
Pseudomonadota	Alphaproteobacteria	Micavibrionales	35	33	94.3	33	94.3
Thermoplasmatota	Thermoplasmata	Methanomassiliicoccales	35	0	0.0	0	0.0
Myxococcota	Polyangia	Polyangiales	34	23	67.6	23	67.6
Desulfobacterota_F	Desulfuromonadia	Geobacterales	33	2	6.1	2	6.1
Pseudomonadota	Gammaproteobacteria	Arenicellales	32	20	62.5	20	62.5
Actinomycetota	Thermoleophilia	Solirubrobacterales	32	13	40.6	13	40.6
Fibrobacterota	Fibrobacteria	Fibrobacterales	31	0	0.0	0	0.0
Spirochaetota	Spirochaetia	Sphaerochaetales	30	0	0.0	0	0.0
Patescibacteria	ABY1	BM507	30	1	3.3	0	0.0
Chloroflexota	Dehalococcoidia	UBA1151	30	0	0.0	0	0.0
Acidobacteriota	Vicinamibacteria	Vicinamibacterales	29	3	10.3	3	10.3
Patescibacteria	ABY1	Magasanikbacterales	29	0	0.0	0	0.0
Patescibacteria	Microgenomatia	UBA1406	27	0	0.0	0	0.0
Bacillota_A	Clostridia	Acetivibrionales	27	1	3.7	0	0.0
Patescibacteria	Microgenomatia	GWA2-44-7	26	0	0.0	0	0.0
Patescibacteria	Gracilibacteria	Peribacterales	26	0	0.0	0	0.0
Actinomycetota	Acidimicrobiia	Actinomarinales	26	0	0.0	0	0.0
Cloacimonadota	Cloacimonadia	Cloacimonadales	25	0	0.0	0	0.0
Pseudomonadota	Alphaproteobacteria	Azospirillales	25	25	100.0	25	100.0
Chloroflexota	Dehalococcoidia	SAR202	25	1	4.0	1	4.0
Bacillota	Bacilli	Bacillales_H	25	8	32.0	8	32.0
Bacteroidota	Bacteroidia	AKYH767	25	11	44.0	11	44.0
Bacillota_B	Desulfotomaculia	Desulfotomaculales	24	2	8.3	2	8.3
Patescibacteria	Gracilibacteria	UBA1369	24	0	0.0	0	0.0
Bacillota_A	Clostridia	UBA1381	24	0	0.0	0	0.0
Chloroflexota	Anaerolineae	Aggregatilineales	23	1	4.3	1	4.3
Bacillota_A	Clostridia	Eubacteriales	23	0	0.0	0	0.0
Chloroflexota	Limnocylindria	Limnocylindrales	23	0	0.0	0	0.0
Chloroflexota	Dehalococcoidia	UBA3495	23	1	4.3	1	4.3
SAR324	SAR324	SAR324	23	10	43.5	10	43.5
Dormibacterota	Dormibacteria	Dormibacterales	23	1	4.3	1	4.3
Bacteroidota	Rhodothermia	Rhodothermales	23	1	4.3	1	4.3
Bdellovibrionota	Bacteriovoracia	Bacteriovoracales	22	3	13.6	3	13.6
Bacillota	Bacilli	ML615J-28	22	0	0.0	0	0.0
Methanobacteriota_B	Thermococci	Thermococcales	22	0	0.0	0	0.0
Bacteroidota	Kapabacteria	Kapabacteriales	22	1	4.5	1	4.5
Bacillota	Bacilli	Exiguobacterales	22	0	0.0	0	0.0
Thermotogota	Thermotogae	Thermotogales	22	0	0.0	0	0.0
Patescibacteria	Microgenomatia	Levybacterales	21	0	0.0	0	0.0
Bacillota_D	Dethiobacteria	DTU022	21	2	9.5	2	9.5
Bacteroidota	UBA10030	UBA10030	21	0	0.0	0	0.0
Pseudomonadota	Gammaproteobacteria	Francisellales	21	3	14.3	3	14.3
Chloroflexota	Chloroflexia	Chloroflexales	21	15	71.4	15	71.4
Thermoproteota	Bathyarchaeia	B26-1	21	0	0.0	0	0.0
Pseudomonadota	Gammaproteobacteria	Ectothiorhodospirales	21	10	47.6	10	47.6
Desulfobacterota	DSM-4660	Desulfatiglandales	20	3	15.0	3	15.0
Pseudomonadota	Alphaproteobacteria	Parvibaculales	20	6	30.0	6	30.0
Bacillota	Bacilli	Brevibacillales	20	0	0.0	0	0.0
Pseudomonadota	Alphaproteobacteria	Rhodospirillales	20	20	100.0	20	100.0
Actinomycetota	Acidimicrobiia	UBA5794	20	1	5.0	1	5.0
Thermotogota	Thermotogae	Petrotogales	20	0	0.0	0	0.0
Eremiobacterota	Eremiobacteria	Baltobacterales	20	16	80.0	16	80.0
Acidobacteriota	Holophagae	Holophagales	20	0	0.0	0	0.0
Planctomycetota	Planctomycetia	Gemmatales	20	0	0.0	0	0.0
Acidobacteriota	Blastocatellia	Pyrinomonadales	20	0	0.0	0	0.0
Methylomirabilota	Methylomirabilia	Rokubacteriales	19	19	100.0	19	100.0
Bdellovibrionota	Bdellovibrionia	Bdellovibrionales	19	2	10.5	2	10.5
Pseudomonadota	Gammaproteobacteria	Competibacterales	19	19	100.0	19	100.0
Patescibacteria	Paceibacteria	UBA9983	19	0	0.0	0	0.0
Planctomycetota	Brocadiia	Brocadiales	19	0	0.0	0	0.0
Pseudomonadota	Gammaproteobacteria	Acidithiobacillales	18	0	0.0	0	0.0
Bacteroidota	Bacteroidia	AKYH767-A	18	1	5.6	1	5.6
Pseudomonadota	Gammaproteobacteria	Nitrococcales	18	18	100.0	18	100.0
Nanoarchaeota	Nanoarchaeia	SCGC-AAA011-G17	18	0	0.0	0	0.0
Pseudomonadota	Gammaproteobacteria	Woeseiales	18	1	5.6	1	5.6
Chloroflexota	Anaerolineae	Promineofilales	18	6	33.3	6	33.3
Chloroflexota	Dehalococcoidia	Dehalococcoidales	18	0	0.0	0	0.0
Pseudomonadota	Magnetococcia	Magnetococcales	18	18	100.0	18	100.0
Acidobacteriota	Terriglobia	Acidoferrales	18	0	0.0	0	0.0
Armatimonadota	Fimbriimonadia	Fimbriimonadales	18	0	0.0	0	0.0
Planctomycetota	UBA1135	UBA1135	17	0	0.0	0	0.0
Dormibacterota	Dormibacteria	UBA8260	17	2	11.8	2	11.8
Desulfobacterota_F	Desulfuromonadia	Desulfuromonadales	17	1	5.9	1	5.9
Myxococcota	UBA796	UBA796	17	8	47.1	8	47.1
Chloroflexota	Anaerolineae	Caldilineales	17	2	11.8	2	11.8
Omnitrophota	Koll11	GIF10	17	0	0.0	0	0.0
Planctomycetota	Phycisphaerae	Sedimentisphaerales	16	0	0.0	0	0.0
Omnitrophota	Koll11	Zapsychrales	16	0	0.0	0	0.0
Chloroflexota	Dehalococcoidia	GIF9	16	1	6.2	1	6.2
Spirochaetota	Spirochaetia	Borreliales	16	0	0.0	0	0.0
Dependentiae	Babeliae	Babeliales	16	0	0.0	0	0.0
Bacillota_A	Clostridia	Monoglobales	16	0	0.0	0	0.0
Patescibacteria	WWE3	UBA101185	15	0	0.0	0	0.0
SZUA-79	SZUA-79	Acidulodesulfobacterales	15	0	0.0	0	0.0
Pseudomonadota	Gammaproteobacteria	Nevskiales	15	11	73.3	11	73.3
Verrucomicrobiota	Lentisphaeria	UBA1407	15	0	0.0	0	0.0
Nitrospinota	Nitrospinia	Nitrospinales	15	1	6.7	1	6.7
Bacillota	Bacilli	Izemoplasmatales	15	0	0.0	0	0.0
Halobacteriota	Methanosarcinia	Methanotrichales	15	0	0.0	0	0.0
Actinomycetota	Actinomycetia	Nitriliruptorales	15	1	6.7	1	6.7
Pseudomonadota	Alphaproteobacteria	Micropepsales	14	14	100.0	14	100.0
Pseudomonadota	Gammaproteobacteria	Acidiferrobacterales	14	2	14.3	2	14.3
Myxococcota_A	UBA9160	UBA9160	14	4	28.6	4	28.6
Poribacteria	WGA-4E	WGA-4E	14	0	0.0	0	0.0
Pseudomonadota	Gammaproteobacteria	Nitrosococcales	14	0	0.0	0	0.0
Pseudomonadota	Gammaproteobacteria	GCA-002705445	14	0	0.0	0	0.0
Spirochaetota	Spirochaetia	DSM-27196	14	0	0.0	0	0.0
Bacillota	Bacilli	Alicyclobacillales	13	0	0.0	0	0.0
Patescibacteria	Microgenomatia	Daviesbacterales	13	0	0.0	0	0.0
Actinomycetota	Thermoleophilia	Gaiellales	13	2	15.4	2	15.4
Planctomycetota	Phycisphaerae	UBA1845	13	8	61.5	8	61.5
Acidobacteriota	Thermoanaerobaculia	UBA5704	13	7	53.8	7	53.8
Bacillota_B	Syntrophomonadia	Syntrophomonadales	13	7	53.8	7	53.8
Bacillota_A	Clostridia	UBA1212	13	0	0.0	0	0.0
Desulfobacterota_G	Syntrophorhabdia	Syntrophorhabdales	13	0	0.0	0	0.0
Patescibacteria	Paceibacteria	2-02-FULL-40-12	13	0	0.0	0	0.0
Marinisomatota	Marinisomatia	SCGC-AAA003-L08	12	0	0.0	0	0.0
Patescibacteria	Paceibacteria	Portnoybacterales	12	0	0.0	0	0.0
Pseudomonadota	Gammaproteobacteria	UBA4486	12	10	83.3	10	83.3
Bacteroidota	Ignavibacteria	SJA-28	12	0	0.0	0	0.0
Verrucomicrobiota	Verrucomicrobiae	Methylacidiphilales	12	0	0.0	0	0.0
Nanoarchaeota	Nanoarchaeia	Parvarchaeales	12	0	0.0	0	0.0
Bacillota_B	Desulfitobacteriia	Desulfitobacteriales	12	1	8.3	1	8.3
Bacillota_F	Halanaerobiia	Halanaerobiales	12	0	0.0	0	0.0
Cyanobacteriota	Vampirovibrionia	Obscuribacterales	12	0	0.0	0	0.0
Acidobacteriota	Aminicenantia	Aminicenantales	12	0	0.0	0	0.0
Iainarchaeota	Iainarchaeia	Iainarchaeales	12	0	0.0	0	0.0
Thermoplasmatota	Thermoplasmata	UBA184	12	2	16.7	2	16.7
Bacillota_E	Sulfobacillia	Sulfobacillales	12	0	0.0	0	0.0
Bdellovibrionota	UBA1018	UBA1018	11	0	0.0	0	0.0
Chloroflexota	Limnocylindria	P2-11E	11	0	0.0	0	0.0
Thermoproteota	Nitrososphaeria_A	Caldarchaeales	11	0	0.0	0	0.0
Pseudomonadota	Gammaproteobacteria	Thiomicrospirales	11	0	0.0	0	0.0
Halobacteriota	Archaeoglobi	Archaeoglobales	11	6	54.5	6	54.5
Elusimicrobiota	Endomicrobia	Endomicrobiales	11	0	0.0	0	0.0
Pseudomonadota	Gammaproteobacteria	Coxiellales	11	0	0.0	0	0.0
Bacillota_B	Peptococcia	Peptococcales	11	1	9.1	1	9.1
Patescibacteria	ABY1	UBA1558	11	0	0.0	0	0.0
Pseudomonadota	Alphaproteobacteria	Reyranellales	11	11	100.0	11	100.0
Pseudomonadota	Alphaproteobacteria	Thalassobaculales	11	3	27.3	3	27.3
Hydrogenedentota	Hydrogenedentia	Hydrogenedentiales	11	0	0.0	0	0.0
Bacillota	Bacilli	Thermoactinomycetales	10	0	0.0	0	0.0
Nitrospirota_A	Leptospirillia	Leptospirillales	10	0	0.0	0	0.0
Methylomirabilota	Methylomirabilia	Methylomirabilales	10	4	40.0	4	40.0
Aquificota	Aquificae	Aquificales	10	0	0.0	0	0.0
Pseudomonadota	Gammaproteobacteria	Cardiobacteriales	10	0	0.0	0	0.0
Omnitrophota	Koll11	Duberdicusellales	10	0	0.0	0	0.0
Chloroflexota	Dehalococcoidia	Tepidiformales	10	7	70.0	7	70.0
Cyanobacteriota	Cyanobacteriia	Elainellales	10	2	20.0	2	20.0
Bipolaricaulota	Bipolaricaulia	Bipolaricaulales	10	0	0.0	0	0.0
Thermoproteota	Thermoprotei	Thermoproteales	10	0	0.0	0	0.0
Actinomycetota	Acidimicrobiia	IMCC26256	10	0	0.0	0	0.0
Cyanobacteriota	Cyanobacteriia	Phormidesmiales	10	1	10.0	1	10.0
Pseudomonadota	Alphaproteobacteria	TMED127	10	1	10.0	1	10.0
Latescibacterota	UBA2968	UBA8231	10	0	0.0	0	0.0
Patescibacteria	Dojkabacteria	SC72	10	0	0.0	0	0.0
Bacillota_A	Thermoanaerobacteria	Thermoanaerobacterales	9	0	0.0	0	0.0
Asgardarchaeota	Thorarchaeia	Thorarchaeales	9	0	0.0	0	0.0
Bacillota	Bacilli	Bacillales_G	9	0	0.0	0	0.0
Chloroflexota	Anaerolineae	B4-G1	9	0	0.0	0	0.0
Spirochaetota	Brachyspirae	Brachyspirales	9	0	0.0	0	0.0
Thermoplasmatota	Poseidoniia	MGIII	9	0	0.0	0	0.0
Deferribacterota	Deferribacteres	Deferribacterales	9	0	0.0	0	0.0
Bacillota_A	Clostridia	Caldicoprobacterales	9	0	0.0	0	0.0
Krumholzibacteriota	Krumholzibacteria	LZORAL124-64-63	9	0	0.0	0	0.0
Latescibacterota	UBA2968	UBA2968	9	0	0.0	0	0.0
Myxococcota	UBA9042	UBA9042	9	7	77.8	7	77.8
Myxococcota	Polyangia	Fen-1088	9	0	0.0	0	0.0
Omnitrophota	Omnitrophia	Omnitrophales	9	0	0.0	0	0.0
Patescibacteria	Microgenomatia	UBA12405	9	0	0.0	0	0.0
Pseudomonadota	Zetaproteobacteria	Mariprofundales	9	0	0.0	0	0.0
Elusimicrobiota	Elusimicrobia	UBA1565	9	1	11.1	1	11.1
Chloroflexota	Chloroflexia	Thermomicrobiales	8	0	0.0	0	0.0
Pseudomonadota	Gammaproteobacteria	Beggiatoales	8	4	50.0	4	50.0
Desulfobacterota	Thermodesulfobacteria	Thermodesulfobacteriales	8	0	0.0	0	0.0
Planctomycetota	UBA8108	UBA1146	8	0	0.0	0	0.0
Bacillota_A	Clostridia	Acetivibrionales_A	8	0	0.0	0	0.0
Pseudomonadota	Alphaproteobacteria	MED-G09	8	0	0.0	0	0.0
Thermoplasmatota	E2	DHVEG-1	8	0	0.0	0	0.0
Patescibacteria	Doudnabacteria	UBA920	8	0	0.0	0	0.0
Pseudomonadota	Gammaproteobacteria	UBA11654	8	0	0.0	0	0.0
Dormibacterota	Dormibacteria	CF-121	8	0	0.0	0	0.0
Thermoproteota	Thermoprotei	Thermofilales	8	0	0.0	0	0.0
Bacillota_G	Limnochordia	DTU010	8	0	0.0	0	0.0
Pseudomonadota	Gammaproteobacteria	Ga0077536	8	8	100.0	8	100.0
Micrarchaeota	Micrarchaeia	Anstonellales	8	0	0.0	0	0.0
Actinomycetota	Humimicrobiia	Humimicrobiales	8	0	0.0	0	0.0
Desulfobacterota_D	UBA1144	RKRQ01	8	0	0.0	0	0.0
Cyanobacteriota	Cyanobacteriia	Thermosynechococcales	8	0	0.0	0	0.0
Pseudomonadota	Alphaproteobacteria	TMED25	8	0	0.0	0	0.0
Desulfobacterota_E	Deferrimicrobia	Deferrimicrobiales	8	0	0.0	0	0.0
Desulfobacterota_B	Binatia	UBA9968	8	0	0.0	0	0.0
Methanobacteriota	Methanococci	Methanococcales	8	0	0.0	0	0.0
Verrucomicrobiota	Kiritimatiellia	Kiritimatiellales	8	0	0.0	0	0.0
Acidobacteriota	Thermoanaerobaculia	UBA5066	8	0	0.0	0	0.0
Asgardarchaeota	Lokiarchaeia	CR-4	8	0	0.0	0	0.0
Desulfobacterota	Syntrophobacteria	Syntrophobacterales	7	2	28.6	2	28.6
Marinisomatota	UBA2242	UBA2242	7	0	0.0	0	0.0
Patescibacteria	Microgenomatia	UBA10105	7	0	0.0	0	0.0
Desulfobacterota	Dissulfuribacteria	Dissulfuribacterales	7	0	0.0	0	0.0
Pseudomonadota	Alphaproteobacteria	MPNO01	7	4	57.1	4	57.1
Armatimonadota	Chthonomonadetes	Chthonomonadales	7	0	0.0	0	0.0
Nitrospirota	Thermodesulfovibrionia	UBA6902	7	0	0.0	0	0.0
Pseudomonadota	Alphaproteobacteria	TMED109	7	0	0.0	0	0.0
Planctomycetota	Phycisphaerae	WQYP01	7	0	0.0	0	0.0
Actinomycetota	Coriobacteriia	OPB41	7	0	0.0	0	0.0
Myxococcota	Polyangia	Haliangiales	7	6	85.7	6	85.7
Bacillota_B	DSM-12270	Thermacetogeniales	7	0	0.0	0	0.0
UBA8248	UBA8248	UBA8248	7	0	0.0	0	0.0
Actinomycetota	Rubrobacteria	Rubrobacterales	7	7	100.0	7	100.0
Desulfobacterota_D	UBA1144	UBA1144	7	0	0.0	0	0.0
Thermoproteota	Bathyarchaeia	40CM-2-53-6	7	0	0.0	0	0.0
Verrucomicrobiota	Kiritimatiellia	SLAD01	7	0	0.0	0	0.0
Chloroflexota	Dehalococcoidia	UBA2979	7	1	14.3	1	14.3
Riflebacteria	Ozemobacteria	Ozemobacterales	7	5	71.4	5	71.4
Thermoplasmatota	Thermoplasmata	RBG-16-68-12	7	0	0.0	0	0.0
Pseudomonadota	Gammaproteobacteria	Comchoanobacterales	6	0	0.0	0	0.0
Desulfobacterota	Desulfomonilia	UBA1062	6	4	66.7	4	66.7
Cyanobacteriota	Cyanobacteriia	Leptolyngbyales	6	0	0.0	0	0.0
Bacillota_G	SHA-98	DTUO25	6	0	0.0	0	0.0
Bacillota_A	Clostridia	UMGS1810	6	0	0.0	0	0.0
Verrucomicrobiota	Kiritimatiellia	LD1-PB3_B	6	0	0.0	0	0.0
Bacillota_A	Clostridia	UMGS1883	6	0	0.0	0	0.0
Pseudomonadota	Alphaproteobacteria	UBA9219	6	6	100.0	6	100.0
Cyanobacteriota	Cyanobacteriia	Pseudanabaenales	6	0	0.0	0	0.0
Desulfobacterota_F	GWC2-55-46	GWC2-55-46	6	0	0.0	0	0.0
Pseudomonadota	Gammaproteobacteria	GCA-2729495	6	2	33.3	2	33.3
Bipolaricaulota	Bipolaricaulia	RBG-16-55-9	6	0	0.0	0	0.0
Planctomycetota	Planctomycetia	Isosphaerales	6	0	0.0	0	0.0
Pseudomonadota	Alphaproteobacteria	ATCC43930	6	6	100.0	6	100.0
Pseudomonadota	Alphaproteobacteria	UBA6615	6	4	66.7	4	66.7
Bacteroidota	Kryptonia	Kryptoniales	6	0	0.0	0	0.0
Gemmatimonadota	Gemmatimonadetes	KS3-K002	6	0	0.0	0	0.0
Firestonebacteria	D2-FULL-39-29	D2-FULL-39-29	6	0	0.0	0	0.0
Ratteibacteria	UBA8468	B48-G9	6	0	0.0	0	0.0
UBP6	UBA1177	UBA1177	6	0	0.0	0	0.0
Bacillota	Bacilli	Bacillales_K	6	0	0.0	0	0.0
Micrarchaeota	Micrarchaeia	Norongarragalinales	6	0	0.0	0	0.0
JAAXHH01	JAAXHH01	JAAXHH01	6	0	0.0	0	0.0
Bacillota_A	Thermosediminibacteria	Thermosediminibacterales	6	0	0.0	0	0.0
Chloroflexota	Dehalococcoidia	UBA2963	6	0	0.0	0	0.0
Verrucomicrobiota	Kiritimatiellia	LD1-PB3_A	6	0	0.0	0	0.0
Bacillota_E	DTU015	DTU015	6	0	0.0	0	0.0
Nanohaloarchaeota	Nanosalinia	Nanosalinales	6	0	0.0	0	0.0
Calditrichota	Calditrichia	RBG-13-44-9	6	0	0.0	0	0.0
Bacillota_B	Moorellia	Moorellales	6	0	0.0	0	0.0
Thermoproteota	Methanomethylicia	Methanomethylicales	6	0	0.0	0	0.0
Pseudomonadota	Alphaproteobacteria	Kiloniellales	6	6	100.0	6	100.0
Actinomycetota	Thermoleophilia	Miltoncostaeales	6	1	16.7	1	16.7
Pseudomonadota	Gammaproteobacteria	Halothiobacillales	6	0	0.0	0	0.0
Aquificota	Aquificae	Hydrogenothermales	6	0	0.0	0	0.0
KSB1	UBA2214	DRLW01	6	0	0.0	0	0.0
Calditrichota	Calditrichia	Calditrichales	6	0	0.0	0	0.0
Pseudomonadota	Alphaproteobacteria	Rhizobiales_A	6	0	0.0	0	0.0
Altiarchaeota	Altiarchaeia	IMC4	6	0	0.0	0	0.0
Omnitrophota	Koll11	UBA10183	6	0	0.0	0	0.0
Bdellovibrionota	FAC87	UBA2466	6	0	0.0	0	0.0
Bacillota_B	Desulfotomaculia	Ammonifexales	6	0	0.0	0	0.0
Asgardarchaeota	Heimdallarchaeia	UBA460	6	0	0.0	0	0.0
Bacillota_D	Dethiobacteria	Dethiobacterales	6	1	16.7	1	16.7
Patescibacteria	JAEDAM01	Absconditabacterales	5	0	0.0	0	0.0
Patescibacteria	JAEDAM01	BD1-5	5	0	0.0	0	0.0
Patescibacteria	ABY1	UBA2591	5	0	0.0	0	0.0
Patescibacteria	ABY1	UBA2196	5	0	0.0	0	0.0
Bacillota_B	Peptococcia	DRI-13	5	0	0.0	0	0.0
Pseudomonadota	Gammaproteobacteria	UBA6522	5	2	40.0	2	40.0
JAMCPX01	JAMCPX01	JAMCPX01	5	0	0.0	0	0.0
Margulisbacteria	WOR-1	O2-12-FULL-45-9	5	0	0.0	0	0.0
Thermoproteota	Bathyarchaeia	TCS64	5	0	0.0	0	0.0
Myxococcota	Polyangia	Nannocystales	5	5	100.0	5	100.0
Thermoplasmatota	Thermoplasmata	PWKY01	5	2	40.0	2	40.0
Pseudomonadota	Gammaproteobacteria	UBA4575	5	0	0.0	0	0.0
Edwardsbacteria	AC1	AC1	5	0	0.0	0	0.0
Pseudomonadota	Gammaproteobacteria	UBA12402	5	0	0.0	0	0.0
Eremiobacterota	Xenobia	Xenobiales	5	1	20.0	1	20.0
Bacillota_B	Dehalobacteriia	UBA4068	5	0	0.0	0	0.0
Bacteroidota	Bacteroidia	UBA7662	5	0	0.0	0	0.0
Desulfobacterota	Desulfobacteria	C00003060	5	0	0.0	0	0.0
Desulfobacterota	Desulfobaccia	Desulfobaccales	5	2	40.0	0	0.0
Desulfobacterota	Desulfarculia	Desulfarculales	5	0	0.0	0	0.0
Aenigmatarchaeota	Aenigmatarchaeia	PWEA01	5	0	0.0	0	0.0
Spirochaetota	UBA4802	UBA4802	5	0	0.0	0	0.0
Omnitrophota	Koll11	2-01-FULL-45-10	5	0	0.0	0	0.0
Bacillota_G	SHA-98	UBA4971	5	0	0.0	0	0.0
Verrucomicrobiota	Kiritimatiellia	CAIKKV01	5	0	0.0	0	0.0
Desulfobacterota_B	Binatia	Binatales	5	3	60.0	3	60.0
Eremiobacterota	Eremiobacteria	Eremiobacterales	5	3	60.0	3	60.0
Pseudomonadota	Gammaproteobacteria	SZUA-152	5	0	0.0	0	0.0
Chloroflexota	Ktedonobacteria	Ktedonobacterales	5	3	60.0	3	60.0
Chloroflexota	FW602-bin22	FW602-bin22	5	1	20.0	1	20.0
Pseudomonadota	Alphaproteobacteria	Paracaedibacterales	5	5	100.0	5	100.0
Acidobacteriota	Vicinamibacteria	Bin61	5	0	0.0	0	0.0
Chloroflexota	Dehalococcoidia	SZUA-161	5	1	20.0	1	20.0
Pseudomonadota	Gammaproteobacteria	Pseudomonadales_A	5	0	0.0	0	0.0
Atribacterota	JS1	SB-45	5	0	0.0	0	0.0
Pseudomonadota	Gammaproteobacteria	HK1	5	5	100.0	5	100.0
Patescibacteria	Microgenomatia	Curtissbacterales	5	0	0.0	0	0.0
Pseudomonadota	Alphaproteobacteria	UBA8366	5	5	100.0	5	100.0
Pseudomonadota	Gammaproteobacteria	GCA-001735895	5	2	40.0	2	40.0
Thermoproteota	Methanomethylicia	B29-G17	5	0	0.0	0	0.0
Acidobacteriota	Thermoanaerobaculia	Thermoanaerobaculales	5	0	0.0	0	0.0
Pseudomonadota	Alphaproteobacteria	Geminicoccales	5	5	100.0	5	100.0
AABM5-125-24	RPQS01	RPQS01	5	0	0.0	0	0.0
Caldisericota	Caldisericia	Caldisericales	5	0	0.0	0	0.0
Actinomycetota	Geothermincolia	Geothermincolales	5	5	100.0	5	100.0
Bacillota	Bacilli	Aneurinibacillales	5	5	100.0	5	100.0
Altiarchaeota	Altiarchaeia	Altiarchaeales	4	0	0.0	0	0.0
Thermoproteota	EX4484-205	EX4484-205	4	0	0.0	0	0.0
Bacteroidota	Bacteroidia	Flavobacteriales_A	4	0	0.0	0	0.0
Pseudomonadota	Alphaproteobacteria	UBA3830	4	4	100.0	4	100.0
Bacillota_H	UBA994	UBA994	4	0	0.0	0	0.0
Chloroflexota	Dehalococcoidia	SM23-28-2	4	4	100.0	4	100.0
Pseudomonadota	Alphaproteobacteria	UBA2966	4	3	75.0	3	75.0
Chloroflexota	Anaerolineae	UBA4142	4	0	0.0	0	0.0
Planctomycetota	Phycisphaerae	SM23-33	4	0	0.0	0	0.0
Myxococcota	UBA9042	DTJE01	4	1	25.0	1	25.0
Planctomycetota	UBA8742	UBA2392	4	0	0.0	0	0.0
Pseudomonadota	Alphaproteobacteria	SMXQ01	4	1	25.0	1	25.0
Pseudomonadota	Gammaproteobacteria	UBA5335	4	0	0.0	0	0.0
Pseudomonadota	Alphaproteobacteria	GCA-2731375	4	4	100.0	4	100.0
Thermoproteota	Thermoprotei_A	Marsarchaeales	4	0	0.0	0	0.0
Actinomycetota	Actinomycetia	Jiangellales	4	0	0.0	0	0.0
Actinomycetota	Actinomycetia	Euzebyales	4	0	0.0	0	0.0
Pseudomonadota	Gammaproteobacteria	Thiotrichales	4	3	75.0	3	75.0
Myxococcota	Bradymonadia	Bradymonadales	4	2	50.0	2	50.0
Pseudomonadota	Gammaproteobacteria	DSM-16500	4	1	25.0	1	25.0
Actinomycetota	Thermoleophilia	UBA2241	4	0	0.0	0	0.0
Actinomycetota	UBA4738	UBA4738	4	0	0.0	0	0.0
Eisenbacteria	RBG-16-71-46	CAIMUX01	4	0	0.0	0	0.0
WOR-3	UBA3072	UBA3072	4	0	0.0	0	0.0
Bacillota	Bacilli	Haloplasmatales	4	0	0.0	0	0.0
Thermoproteota	Korarchaeia	Korarchaeales	4	0	0.0	0	0.0
Halobacteriota	Bog-38	Bog-38	4	0	0.0	0	0.0
Pseudomonadota	Gammaproteobacteria	GCF-002020875	4	0	0.0	0	0.0
Thermoproteota	Nitrososphaeria	Conexivisphaerales	4	0	0.0	0	0.0
Methanobacteriota_B	Thermococci	Methanofastidiosales	4	0	0.0	0	0.0
Patescibacteria	Paceibacteria	Sungbacterales	4	0	0.0	0	0.0
Desulfobacterota_D	UBA1144	UBA2774	4	3	75.0	3	75.0
Chloroflexota	Anaerolineae	Ardenticatenales	4	0	0.0	0	0.0
Actinomycetota	Thermoleophilia	BMS3ABIN01	4	0	0.0	0	0.0
Patescibacteria	Andersenbacteria	UBA10190	4	0	0.0	0	0.0
JdFR-76	JdFR-76	JdFR-76	4	0	0.0	0	0.0
Bdellovibrionota	UBA2361	UBA2361	4	0	0.0	0	0.0
Pseudomonadota	Alphaproteobacteria	UBA7887	4	1	25.0	1	25.0
Patescibacteria	UBA1384	2-12-FULL-50-11	4	0	0.0	0	0.0
Patescibacteria	Paceibacteria	Terrybacterales	4	0	0.0	0	0.0
Marinisomatota	UBA8477	UBA8477	4	0	0.0	0	0.0
Pseudomonadota	Alphaproteobacteria	UBA7985	4	0	0.0	0	0.0
Patescibacteria	ABY1	UBA11705	4	0	0.0	0	0.0
Pseudomonadota	Alphaproteobacteria	UBA828	4	3	75.0	3	75.0
Pseudomonadota	Gammaproteobacteria	PWYM01	4	4	100.0	4	100.0
Patescibacteria	Microgenomatia	2-02-FULL-39-11	4	0	0.0	0	0.0
Bipolaricaulota	Bipolaricaulia	UBA7950	4	0	0.0	0	0.0
Patescibacteria	Kazan-3B-28	Kazan-3B-28	4	0	0.0	0	0.0
Pseudomonadota	Gammaproteobacteria	UBA6186	4	2	50.0	2	50.0
Caldisericota	Caldisericia	Cryosericales	4	0	0.0	0	0.0
Pseudomonadota	Gammaproteobacteria	Tenderiales	4	0	0.0	0	0.0
Chloroflexota	Anaerolineae	J036	4	0	0.0	0	0.0
Nanoarchaeota	Nanoarchaeia	UBA10117	4	0	0.0	0	0.0
Patescibacteria	Saccharimonadia	CAILAD01	4	0	0.0	0	0.0
Atribacterota	Atribacteria	Atribacterales	4	0	0.0	0	0.0
Bacillota_A	Clostridia	DUPQ01	4	0	0.0	0	0.0
Cloacimonadota	Cloacimonadia	JGIOTU-2	4	0	0.0	0	0.0
Bacillota_C	Negativicutes	Sporomusales	4	0	0.0	0	0.0
Bacteroidota	T3Sed10-11	T3Sed10-11	4	0	0.0	0	0.0
Thermotogota	Thermotogae	Mesoaciditogales	4	0	0.0	0	0.0
Thermoplasmatota	Thermoplasmata	Sysuiplasmatales	4	0	0.0	0	0.0
Nitrospirota	Nitrospiria	SBBL01	4	0	0.0	0	0.0
Bacillota_G	UBA4882	UBA10575	4	0	0.0	0	0.0
Delongbacteria	UBA4055	UBA4055	4	0	0.0	0	0.0
Bacillota_A	Thermoanaerobacteria	Caldicellulosiruptorales	3	0	0.0	0	0.0
Bacillota	Bacilli	DSM-22653	3	0	0.0	0	0.0
Myxococcota	UBA727	UBA727	3	0	0.0	0	0.0
Pseudomonadota	Alphaproteobacteria	UBA1280	3	0	0.0	0	0.0
Spirochaetota	GWE2-31-10	GWE2-31-10	3	0	0.0	0	0.0
SAR324	SAR324	XYD2-FULL-50-16	3	1	33.3	1	33.3
Pseudomonadota	Alphaproteobacteria	CACIAM-22H2	3	3	100.0	3	100.0
Myxococcota	Bradymonadia	UBA7976	3	1	33.3	1	33.3
KSB1	UBA2214	CR04bin15	3	0	0.0	0	0.0
Pseudomonadota	Alphaproteobacteria	UBA7879	3	0	0.0	0	0.0
Myxococcota	XYA12-FULL-58-9	XYA12-FULL-58-9	3	1	33.3	1	33.3
Spirochaetota	Spirochaetia	CADAEX01	3	0	0.0	0	0.0
Pseudomonadota	Alphaproteobacteria	Caedimonadales	3	2	66.7	2	66.7
Pseudomonadota	Gammaproteobacteria	DRMK01	3	0	0.0	0	0.0
Bacillota_A	Clostridia	UMGS1840	3	0	0.0	0	0.0
Bacillota_A	Clostridia	RUG12999	3	0	0.0	0	0.0
Pseudomonadota	Alphaproteobacteria	VXPW01	3	3	100.0	3	100.0
Bacillota_C	Negativicutes	Propionisporales	3	0	0.0	0	0.0
Armatimonadota	Armatimonadia	Armatimonadales	3	0	0.0	0	0.0
Patescibacteria	Paceibacteria	UBA10092	3	0	0.0	0	0.0
Nitrospirota	UBA9217	UBA9217	3	0	0.0	0	0.0
OLB16	OLB16	OLB16	3	0	0.0	0	0.0
Margulisbacteria	Riflemargulisbacteria	GWF2-35-9	3	0	0.0	0	0.0
Patescibacteria	Gracilibacteria	UBA4473	3	0	0.0	0	0.0
Patescibacteria	CPR2	CPR2	3	0	0.0	0	0.0
Patescibacteria	ABY1	UBA2169	3	0	0.0	0	0.0
Patescibacteria	ABY1	UBA9570	3	0	0.0	0	0.0
Pseudomonadota	Gammaproteobacteria	Thiohalomonadales	3	0	0.0	0	0.0
Pseudomonadota	Gammaproteobacteria	RKRP01	3	0	0.0	0	0.0
Pseudomonadota	Gammaproteobacteria	MnTg04	3	2	66.7	2	66.7
Pseudomonadota	Gammaproteobacteria	S012-40	3	0	0.0	0	0.0
Patescibacteria	Paceibacteria	GWC2-36-17	3	0	0.0	0	0.0
Patescibacteria	UBA1384	GWA2-35-9	3	0	0.0	0	0.0
Pseudomonadota	Gammaproteobacteria	Granulosicoccales	3	1	33.3	1	33.3
Bacillota_E	UBA995	UBA995	3	0	0.0	0	0.0
Bacillota_F	Halanaerobiia	B1SED10-174	3	0	0.0	0	0.0
Bacillota_F	Halanaerobiia	Halobacteroidales	3	0	0.0	0	0.0
Bacillota_D	Proteinivoracia	UBA4975	3	0	0.0	0	0.0
Aenigmatarchaeota	Aenigmatarchaeia	CG10238-14	3	0	0.0	0	0.0
Aenigmatarchaeota	Aenigmatarchaeia	Aenigmatarchaeales	3	0	0.0	0	0.0
Nitrospinota	UBA7883	UBA7883	3	0	0.0	0	0.0
Patescibacteria	ABY1	2-01-FULL-39-33	3	0	0.0	0	0.0
Pseudomonadota	Alphaproteobacteria	Bin65	3	3	100.0	3	100.0
Pseudomonadota	Gammaproteobacteria	Diplorickettsiales	3	0	0.0	0	0.0
Pseudomonadota	Alphaproteobacteria	Sneathiellales	3	3	100.0	3	100.0
Pseudomonadota	Alphaproteobacteria	RUG11792	3	0	0.0	0	0.0
Omnitrophota	Koll11	Pluralincolimonadales	3	0	0.0	0	0.0
Aerophobota	Aerophobia	Aerophobales	3	0	0.0	0	0.0
Aenigmatarchaeota	Aenigmatarchaeia	QMZP01	3	0	0.0	0	0.0
Pseudomonadota	Gammaproteobacteria	Berkiellales	3	2	66.7	2	66.7
Omnitrophota	Koll11	Aquiviventales	3	0	0.0	0	0.0
Planctomycetota	UBA8108	UBA8108	3	0	0.0	0	0.0
Planctomycetota	UBA1135	UBA2386	3	0	0.0	0	0.0
Patescibacteria	ABY1	Buchananbacterales	3	0	0.0	0	0.0
Thermoproteota	Bathyarchaeia	B25	3	0	0.0	0	0.0
Fibrobacterota	Chitinivibrionia	Chitinivibrionales	3	0	0.0	0	0.0
Verrucomicrobiota	Verrucomicrobiae	Palsa-1439	3	0	0.0	0	0.0
UBA10199	UBA10199	UBA10199	3	0	0.0	0	0.0
Zixibacteria	MSB-5A5	GN15	3	0	0.0	0	0.0
Chloroflexota	UBA6077	UBA6077	3	1	33.3	1	33.3
Actinomycetota	Geothermincolia	Fen-727	3	0	0.0	0	0.0
Verrucomicrobiota	Lentisphaeria	JABSQK01	3	0	0.0	0	0.0
Hydrothermarchaeota	Hydrothermarchaeia	Hydrothermarchaeales	3	0	0.0	0	0.0
Desulfobacterota_F	BSN033	BSN033	3	0	0.0	0	0.0
Halobacteriota	Syntropharchaeia	ANME-1	3	0	0.0	0	0.0
Chloroflexota	Dehalococcoidia	UBA6952	3	0	0.0	0	0.0
Chloroflexota	Dehalococcoidia	Bin125	3	0	0.0	0	0.0
Elusimicrobiota	UBA8919	UBA8919	3	0	0.0	0	0.0
WOR-3	WOR-3	UBA2258	3	0	0.0	0	0.0
Campylobacterota	Campylobacteria	Nautiliales	3	0	0.0	0	0.0
CG03	CG03	CG03	3	0	0.0	0	0.0
CSP1-3	CSP1-3	CSP1-3	3	1	33.3	1	33.3
Bdellovibrionota	Oligoflexia	Oligoflexales	3	0	0.0	0	0.0
Bdellovibrionota	Oligoflexia	Silvanigrellales	3	0	0.0	0	0.0
Thermoproteota	Nitrososphaeria	Geothermarchaeales	3	0	0.0	0	0.0
Spirochaetota	Spirochaetia	Spirochaetales_E	3	0	0.0	0	0.0
Desulfobacterota	Desulfomonilia	Desulfomonilales	3	0	0.0	0	0.0
Desulfobacterota	Desulfarculia	Adiutricales	3	0	0.0	0	0.0
Campylobacterota	Desulfurellia	Desulfurellales	3	0	0.0	0	0.0
Undinarchaeota	Undinarchaeia	Undinarchaeales	3	0	0.0	0	0.0
Desulfobacterota_B	Binatia	UBA1149	3	1	33.3	1	33.3
Verrucomicrobiota	Kiritimatiellia	JAAZAB01	3	0	0.0	0	0.0
Desulfobacterota_F	GWC2-55-46	UBA9637	3	0	0.0	0	0.0
Chloroflexota	Anaerolineae	UCB3	3	3	100.0	3	100.0
Asgardarchaeota	Hermodarchaeia	Hermodarchaeales	3	0	0.0	0	0.0
Nanoarchaeota	Nanoarchaeia	Nanoarchaeales	3	0	0.0	0	0.0
Acidobacteriota	Blastocatellia	Chloracidobacteriales	3	3	100.0	3	100.0
UBA10199	UBA10199	2-02-FULL-44-16	3	0	0.0	0	0.0
Marinisomatota	SORT01	SORT01	3	0	0.0	0	0.0
Marinisomatota	AB16	AB16	3	0	0.0	0	0.0
Margulisbacteria	WOR-1	XYC2-FULL-46-14	3	0	0.0	0	0.0
Fermentibacterota	Fermentibacteria	Fermentibacterales	3	0	0.0	0	0.0
Chloroflexota	Anaerolineae	Thermoflexales	3	0	0.0	0	0.0
Thermoplasmatota	Thermoplasmata	SG8-5	3	1	33.3	1	33.3
Verrucomicrobiota	Kiritimatiellia	UBA8416	3	0	0.0	0	0.0
Chloroflexota	UBA11872	UBA11872	3	0	0.0	0	0.0
Bacteroidota	Kapabacteria	OLB7	3	0	0.0	0	0.0
Bipolaricaulota	Bipolaricaulia	M55B111	2	0	0.0	0	0.0
Pseudomonadota	Gammaproteobacteria	JACKNK01	2	0	0.0	0	0.0
UBA10199	UBA10199	2-02-FULL-50-16	2	0	0.0	0	0.0
Patescibacteria	CPR3	CPR3	2	0	0.0	0	0.0
Pseudomonadota	Gammaproteobacteria	JABHGC01	2	0	0.0	0	0.0
Bacillota_C	Negativicutes	Sporomusales_C	2	0	0.0	0	0.0
Zixibacteria	MSB-5A5	MSB-5A5	2	0	0.0	0	0.0
Patescibacteria	Saccharimonadia	UBA4664	2	2	100.0	1	50.0
Bdellovibrionota	O2-12-FULL-43-9	2-02-FULL-40-11	2	0	0.0	0	0.0
Patescibacteria	ABY1	UBA9629	2	0	0.0	0	0.0
Pseudomonadota	Gammaproteobacteria	JABCZS01	2	1	50.0	1	50.0
WOR-3	Hydrothermia	UBA1063	2	0	0.0	0	0.0
Patescibacteria	ABY1	JAACEG01	2	0	0.0	0	0.0
Pseudomonadota	Alphaproteobacteria	TMED109_A	2	0	0.0	0	0.0
Bacillota_C	Negativicutes	RGIG982	2	0	0.0	0	0.0
Patescibacteria	ABY1	PEXW01	2	0	0.0	0	0.0
Thermoproteota	Methanomethylicia	Nezhaarchaeales	2	0	0.0	0	0.0
Desantisbacteria	UBA1551	UBA1551	2	0	0.0	0	0.0
Cyanobacteriota	Cyanobacteriia	Gloeomargaritales	2	0	0.0	0	0.0
Chloroflexota	Anaerolineae	4572-78	2	2	100.0	2	100.0
Cyanobacteriota	Cyanobacteriia	PCC-9006	2	0	0.0	0	0.0
Patescibacteria	Dojkabacteria	GCA-002793355	2	0	0.0	0	0.0
Patescibacteria	Dojkabacteria	JAKAPS01	2	0	0.0	0	0.0
Delongbacteria	UBA4055	CAIWAD01	2	0	0.0	0	0.0
Patescibacteria	Gracilibacteria	JAHISY01	2	0	0.0	0	0.0
Patescibacteria	ABY1	UBA10025	2	0	0.0	0	0.0
Patescibacteria	Gracilibacteria	UM-FILTER-43-11	2	0	0.0	0	0.0
Pseudomonadota	Alphaproteobacteria	Oceanibaculales	2	2	100.0	2	100.0
Pseudomonadota	Alphaproteobacteria	UBA9655	2	1	50.0	1	50.0
Cyanobacteriota	Vampirovibrionia	Vampirovibrionales	2	0	0.0	0	0.0
Wallbacteria	UBA9980	UBA9980	2	2	100.0	2	100.0
Patescibacteria	ABY1	Veblenbacterales	2	0	0.0	0	0.0
Cyanobacteriota	Vampirovibrionia	2-02-FULL-35-15	2	2	100.0	2	100.0
Cyanobacteriota	Cyanobacteriia	Synechococcales	2	0	0.0	0	0.0
Acidobacteriota	UBA890	UBA890	2	1	50.0	1	50.0
Pseudomonadota	Gammaproteobacteria	CAISUE01	2	0	0.0	0	0.0
Bacillota_A	Thermosediminibacteria	Koleobacterales	2	0	0.0	0	0.0
Planctomycetota	GCA-002687715	GCA-002687715	2	0	0.0	0	0.0
Chloroflexota	Dehalococcoidia	DSTF01	2	2	100.0	2	100.0
Chloroflexota	Dehalococcoidia	UBA2985	2	0	0.0	0	0.0
Chloroflexota	Anaerolineae	JAAEKA01	2	0	0.0	0	0.0
Chloroflexota	Dehalococcoidia	UBA1127	2	0	0.0	0	0.0
Patescibacteria	Paceibacteria	Ryanbacterales	2	0	0.0	0	0.0
Bacillota_B	Moorellia	DTU086	2	0	0.0	0	0.0
Patescibacteria	Microgenomatia	JAMCZE01	2	0	0.0	0	0.0
Pseudomonadota	Gammaproteobacteria	CAIRSR01	2	0	0.0	0	0.0
Patescibacteria	UBA1384	UBA1384	2	0	0.0	0	0.0
Patescibacteria	UBA1384	XYA2-FULL-43-10	2	0	0.0	0	0.0
Zixibacteria	MSB-5A5	CAIYYT01	2	0	0.0	0	0.0
Patescibacteria	WWE3	2-01-FULL-39-13	2	0	0.0	0	0.0
Planctomycetota	UBA11346	UBA11346	2	0	0.0	0	0.0
Planctomycetota	UBA8108	UBA8890	2	0	0.0	0	0.0
Pseudomonadota	Alphaproteobacteria	16-39-46	2	0	0.0	0	0.0
Pseudomonadota	Alphaproteobacteria	SP197	2	2	100.0	2	100.0
CG03	SLGR01	SLGR01	2	0	0.0	0	0.0
Bacillota_C	Negativicutes	DSM-1736	2	0	0.0	0	0.0
Bacillota_B	Thermincolia	Thermincolales	2	0	0.0	0	0.0
WOR-3	32-111	32-111	2	0	0.0	0	0.0
Thermotogota	Thermotogae	MWEM01	2	0	0.0	0	0.0
Pseudomonadota	Gammaproteobacteria	AqS2	2	2	100.0	2	100.0
Caldisericota	Caldisericia	UBA6126	2	0	0.0	0	0.0
UBA9089	CG2-30-40-21	CG2-30-40-21	2	0	0.0	0	0.0
Bacillota_B	Dehalobacteriia	UBA7702	2	0	0.0	0	0.0
Caldisericota	Caldisericia	JAAYUI01	2	0	0.0	0	0.0
Chloroflexota	Chloroflexia	Thermobaculales	2	2	100.0	2	100.0
Chloroflexota	DTOL01	DTOL01	2	0	0.0	0	0.0
Chloroflexota	UBA2235	UBA12225	2	0	0.0	0	0.0
Patescibacteria	Paceibacteria	CAIUEV01	2	0	0.0	0	0.0
Patescibacteria	UBA1384	UBA12157	2	0	0.0	0	0.0
Chloroflexota	Dehalococcoidia	UBA6926	2	0	0.0	0	0.0
Patescibacteria	Paceibacteria	JAHIHE01	2	0	0.0	0	0.0
Pseudomonadota	Gammaproteobacteria	SZUA-76	2	0	0.0	0	0.0
Myxococcota	Polyangia	HGW-17	2	0	0.0	0	0.0
Halobacteriota	Methanoliparia	Methanoliparales	2	2	100.0	2	100.0
Myxococcota	Polyangia	JAAYKL01	2	0	0.0	0	0.0
Actinomycetota	Coriobacteriia	WRKU01	2	0	0.0	0	0.0
Myxococcota	UBA6777	UBA6777	2	2	100.0	2	100.0
Thermoplasmatota	EX4484-6	EX4484-6	2	0	0.0	0	0.0
Thermoplasmatota	Thermoplasmata	ARK-15	2	0	0.0	0	0.0
Spirochaetota	Leptospirae	Turneriellales	2	0	0.0	0	0.0
HKB111	HKB111	HKB111	2	0	0.0	0	0.0
Spirochaetota	JAAYUW01	JAAYUW01	2	0	0.0	0	0.0
Pseudomonadota	Alphaproteobacteria	CAIVPW01	2	0	0.0	0	0.0
Myxococcota	Bradymonadia	UBA4248	2	0	0.0	0	0.0
Bacillota_G	DTU065	DTU065	2	0	0.0	0	0.0
Bacillota_G	DTU084	DTU084	2	0	0.0	0	0.0
Bacillota_G	Limnochordia	DTU080	2	0	0.0	0	0.0
Pseudomonadota	Gammaproteobacteria	UBA2770	2	0	0.0	0	0.0
Bacillota_E	Thermaerobacteria	Thermaerobacterales	2	0	0.0	0	0.0
Sumerlaeota	Sumerlaeia	SLMS01	2	0	0.0	0	0.0
Dictyoglomota	Dictyoglomia	Dictyoglomales	2	0	0.0	0	0.0
Pseudomonadota	Gammaproteobacteria	UBA1113	2	1	50.0	1	50.0
Acidobacteriota	Vicinamibacteria	Fen-336	2	0	0.0	0	0.0
Myxococcota	Bradymonadia	REDH01	2	1	50.0	1	50.0
Asgardarchaeota	Heimdallarchaeia	JABLTI01	2	0	0.0	0	0.0
Pseudomonadota	Alphaproteobacteria	UBA11136	2	2	100.0	2	100.0
Acidobacteriota	Blastocatellia	RBC074	2	0	0.0	0	0.0
Acidobacteriota	Blastocatellia	UBA7656	2	2	100.0	2	100.0
Acidobacteriota	Thermoanaerobaculia	Gp7-AA8	2	0	0.0	0	0.0
Acidobacteriota	Polarisedimenticolia	Gp22-AA2	2	0	0.0	0	0.0
BMS3Abin14	BMS3Abin14	BMS3Abin14	2	0	0.0	0	0.0
JACPWU01	JACPWU01	JACPWU01	2	0	0.0	0	0.0
Pseudomonadota	Gammaproteobacteria	UBA6429	2	0	0.0	0	0.0
Methanobacteriota	Methanopyri	Methanopyrales	2	0	0.0	0	0.0
Bacillota	Bacilli	Kyrpidiales	2	2	100.0	2	100.0
Acidobacteriota	Terriglobia	VXMN01	2	0	0.0	0	0.0
Myxococcota_A	UBA9160	SZUA-336	2	0	0.0	0	0.0
Schekmanbacteria	GWA2-38-11	GWA2-38-11	2	0	0.0	0	0.0
Nanoarchaeota	Nanoarchaeia	B33-G15	2	0	0.0	0	0.0
Thermoplasmatota	Thermoplasmata	UBA10834	2	1	50.0	1	50.0
Bacteroidota	Ignavibacteria	Ch128b	2	0	0.0	0	0.0
Thermoproteota	Bathyarchaeia	B24	2	0	0.0	0	0.0
Acidobacteriota	Terriglobia	UBA7540	2	0	0.0	0	0.0
Fibrobacterota	Fibrobacteria	UBA5070	2	0	0.0	0	0.0
Acidobacteriota	Terriglobia	20CM-2-55-15	2	0	0.0	0	0.0
Thermoproteota	Thermoprotei	Gearchaeales	2	0	0.0	0	0.0
Auribacterota	Auribacteria	Auribacterales	2	0	0.0	0	0.0
Bacillota_H	UBA994	UBA5500	2	0	0.0	0	0.0
Pseudomonadota	Alphaproteobacteria	CADEGL01	2	2	100.0	2	100.0
Bacillota_D	Dethiobacteria	SKNC01	2	0	0.0	0	0.0
Bacillota_G	UBA4882	UBA8346	2	0	0.0	0	0.0
Actinomycetota	Actinomycetia	Acidothermales	2	0	0.0	0	0.0
Spirochaetota	Spirochaetia	PWKH01	2	0	0.0	0	0.0
Actinomycetota	Aquicultoria	Aquicultorales	2	0	0.0	0	0.0
Eremiobacterota	CADAWZ01	CADAWZ01	2	0	0.0	0	0.0
Patescibacteria	ABY1	GWA2-43-13	2	0	0.0	0	0.0
Pseudomonadota	Alphaproteobacteria	Holosporales	2	1	50.0	1	50.0
Nitrospirota	Nitrospiria	JACQBW01	2	0	0.0	0	0.0
Bacteroidota	Bacteroidia	CAILMK01	2	0	0.0	0	0.0
Bacteroidota	Bacteroidia	CAIKAF01	2	0	0.0	0	0.0
Thermoproteota	Thermoprotei	QMSL01	2	0	0.0	0	0.0
Aenigmatarchaeota	Aenigmatarchaeia	QMZS01	2	0	0.0	0	0.0
Armatimonadota	UBA5377	UBA5377	2	1	50.0	0	0.0
Pseudomonadota	Alphaproteobacteria	GCA-002720895	2	0	0.0	0	0.0
Desulfobacterota_B	Binatia	Bin18	2	2	100.0	2	100.0
Omnitrophota	Koll11	B26-G9	2	0	0.0	0	0.0
Desulfobacterota	Syntrophobacteria	BM002	2	0	0.0	0	0.0
WOR-3	UBA3073	UBA3073	2	0	0.0	0	0.0
Actinomycetota	Aquicultoria	Subteraquimicrobiales	2	0	0.0	0	0.0
Eisenbacteria	RBG-16-71-46	RBG-16-71-46	2	0	0.0	0	0.0
Nitrospinota	UBA9942	UBA9942	2	0	0.0	0	0.0
Desulfobacterota_B	Binatia	DP-6	2	0	0.0	0	0.0
Verrucomicrobiota	Kiritimatiellia	SS1-B-03-39	2	0	0.0	0	0.0
Eisenbacteria	RBG-16-71-46	SZUA-252	2	0	0.0	0	0.0
Elusimicrobiota	Elusimicrobia	2-02-FULL-39-32	2	0	0.0	0	0.0
Thermoplasmatota	B47-G6	B47-G6B	2	0	0.0	0	0.0
Bacillota_E	JAJZYS01	JAJZYS01	2	0	0.0	0	0.0
Elusimicrobiota	Elusimicrobia	FEN-1173	2	0	0.0	0	0.0
Bacillota_E	SLMV01	SLMV01	2	0	0.0	0	0.0
Elusimicrobiota	Endomicrobia	CG1-02-37-114	2	0	0.0	0	0.0
Pseudomonadota	Gammaproteobacteria	DRJJ01	1	0	0.0	0	0.0
WOR-3	WOR-3	B3-TA06	1	0	0.0	0	0.0
Pseudomonadota	Gammaproteobacteria	GRL18	1	0	0.0	0	0.0
Verrucomicrobiota	Kiritimatiellia	SLOV01	1	0	0.0	0	0.0
Pseudomonadota	Gammaproteobacteria	GCA-2400775	1	0	0.0	0	0.0
Verrucomicrobiota	Kiritimatiellia	PWTM01	1	0	0.0	0	0.0
Acidobacteriota	Thermoanaerobaculia	UBA2201	1	0	0.0	0	0.0
Acidobacteriota	UBA6911	JACOSC01	1	0	0.0	0	0.0
AABM5-125-24	BMS3BBIN04	BMS3BBIN04	1	0	0.0	0	0.0
4484-113	4484-113	4484-113	1	0	0.0	0	0.0
Zixibacteria	MSB-5A5	WJJR01	1	0	0.0	0	0.0
Pseudomonadota	Gammaproteobacteria	GCF-013343005	1	0	0.0	0	0.0
Pseudomonadota	Gammaproteobacteria	Ga0077554	1	0	0.0	0	0.0
WOR-3	WOR-3	SM23-42	1	0	0.0	0	0.0
Pseudomonadota	Gammaproteobacteria	DSM-19610	1	0	0.0	0	0.0
WOR-3	32-111	QNBC01	1	0	0.0	0	0.0
Pseudomonadota	Gammaproteobacteria	Enterobacterales_B	1	0	0.0	0	0.0
WOR-3	Hydrothermia	WGAB01	1	0	0.0	0	0.0
Pseudomonadota	Alphaproteobacteria	UBA1247	1	0	0.0	0	0.0
WOR-3	E44-bin80	E44-bin80	1	0	0.0	0	0.0
WOR-3	Hydrothermia	Hydrothermales	1	0	0.0	0	0.0
Pseudomonadota	Gammaproteobacteria	DTRM01	1	0	0.0	0	0.0
Pseudomonadota	Gammaproteobacteria	CAIQBE01	1	0	0.0	0	0.0
WOR-3	Hydrothermia	LBFQ01	1	0	0.0	0	0.0
Pseudomonadota	Gammaproteobacteria	Ga0077536_A	1	1	100.0	1	100.0
Thermoplasmatota	Thermoplasmata	B87-G9	1	0	0.0	0	0.0
Sumerlaeota	Sumerlaeia	MWCT01	1	0	0.0	0	0.0
Sumerlaeota	Sumerlaeia	Sumerlaeales	1	0	0.0	0	0.0
Synergistota	GBS-1	GBS-1	1	0	0.0	0	0.0
TA06	DG-26	SM1-40	1	0	0.0	0	0.0
Thermodesulfobiota	Thermodesulfobiia	Thermodesulfobiales	1	0	0.0	0	0.0
Pseudomonadota	Gammaproteobacteria	Thiohalorhabdales	1	0	0.0	0	0.0
Aenigmatarchaeota	Aenigmatarchaeia	GW2011-AR5	1	0	0.0	0	0.0
Actinomycetota	UBA4738	AC-67	1	0	0.0	0	0.0
Pseudomonadota	Alphaproteobacteria	Tistrellales	1	1	100.0	1	100.0
Actinomycetota	Thermoleophilia	RBG-16-64-13	1	0	0.0	0	0.0
Aquificota	Desulfurobacteriia	Desulfurobacteriales	1	0	0.0	0	0.0
Spirochaetota	Spirochaetia	SZUA-6	1	0	0.0	0	0.0
Spirochaetota	Spirochaetia	WRBN01	1	0	0.0	0	0.0
Spirochaetota	UBA12135	UBA12135	1	0	0.0	0	0.0
Armatimonadota	UBA5377	UBA1398	1	0	0.0	0	0.0
Armatimonadota	HRBIN16	HRBIN16	1	0	0.0	0	0.0
Armatimonadota	CAIYQO01	WVXJ01	1	0	0.0	0	0.0
Sumerlaeota	Sumerlaeia	MVZB01	1	0	0.0	0	0.0
Spirochaetota	Spirochaetia	JAIPGG01	1	0	0.0	0	0.0
Pseudomonadota	Gammaproteobacteria	UBA5861	1	0	0.0	0	0.0
Asgardarchaeota	Heimdallarchaeia	Hodarchaeales	1	0	0.0	0	0.0
Armatimonadota	UBA5829	UBA5829	1	0	0.0	0	0.0
RUG730	RUG730	RUG730	1	0	0.0	0	0.0
RBG-13-66-14	B26-G2	B26-G2	1	0	0.0	0	0.0
Pseudomonadota	Zetaproteobacteria	CG1-02-64-396	1	0	0.0	0	0.0
Pseudomonadota	Gammaproteobacteria	XJ16	1	0	0.0	0	0.0
Pseudomonadota	Gammaproteobacteria	VBWC01	1	1	100.0	1	100.0
Pseudomonadota	Gammaproteobacteria	UWMA-0217	1	0	0.0	0	0.0
Thermoplasmatota	Thermoplasmata	Aciduliprofundales	1	0	0.0	0	0.0
Spirochaetota	GWB1-36-13	GWB1-36-13	1	1	100.0	1	100.0
Spirochaetota	Brevinematia	Brevinematales	1	0	0.0	0	0.0
Ratteibacteria	UBA8468	UBA8468	1	0	0.0	0	0.0
Ratteibacteria	UBA8468	MWAK01	1	0	0.0	0	0.0
Spirochaetota	Spirochaetia	JAFGXN01	1	0	0.0	0	0.0
Spirochaetota	Spirochaetia	JABMQR01	1	0	0.0	0	0.0
Spirochaetota	Spirochaetia	DSM-16054	1	0	0.0	0	0.0
Thermoplasmatota	E2	UBA202	1	0	0.0	0	0.0
Thermoplasmatota	E2	UBA9212	1	0	0.0	0	0.0
Spirochaetota	Spirochaetia	B11-G9	1	0	0.0	0	0.0
Pseudomonadota	Gammaproteobacteria	UBA6729	1	1	100.0	1	100.0
UBP7	UBA6624	UBA6624	1	0	0.0	0	0.0
UBA1439	UBA1439	UBA1439	1	0	0.0	0	0.0
Pseudomonadota	Gammaproteobacteria	REEB76	1	0	0.0	0	0.0
Pseudomonadota	Gammaproteobacteria	QQUJ01	1	1	100.0	1	100.0
UBA3054	UBA3054	UBA3054	1	0	0.0	0	0.0
UBA6262	UBA6262	UBA6262	1	0	0.0	0	0.0
Pseudomonadota	Gammaproteobacteria	Thiohalobacterales	1	0	0.0	0	0.0
UBA6266	UBA6266	UBA6266	1	0	0.0	0	0.0
Pseudomonadota	Gammaproteobacteria	SZUA-229	1	0	0.0	0	0.0
Zixibacteria	MSB-5A5	UBA10806	1	0	0.0	0	0.0
Pseudomonadota	Gammaproteobacteria	SURF-13	1	0	0.0	0	0.0
Pseudomonadota	Gammaproteobacteria	AqS3	1	0	0.0	0	0.0
UBA8481	UBA8481	UBA8481	1	0	0.0	0	0.0
UBA9089	JAHJRX01	JAHJRX01	1	0	0.0	0	0.0
Pseudomonadota	Gammaproteobacteria	21-64-14	1	0	0.0	0	0.0
Thermotogota	Thermotogae	UBA12178	1	0	0.0	0	0.0
Pseudomonadota	Alphaproteobacteria	Zavarziniales	1	1	100.0	1	100.0
UBA10199	UBA10199	GCA-002796325	1	0	0.0	0	0.0
Pseudomonadota	Alphaproteobacteria	UBA8558	1	0	0.0	0	0.0
UBA10199	UBA10199	SPLOWO2-01-44-7	1	0	0.0	0	0.0
Pseudomonadota	Gammaproteobacteria	SZUA-140	1	0	0.0	0	0.0
UBA9089	UBA9088	UBA9088	1	0	0.0	0	0.0
Armatimonadota	Abditibacteria	CG2-30-66-41	1	0	0.0	0	0.0
Armatimonadota	Abditibacteria	CG2-30-59-28	1	0	0.0	0	0.0
Pseudomonadota	Gammaproteobacteria	JABDMI01	1	1	100.0	1	100.0
UBA9089	UBA9089	UBA9089	1	0	0.0	0	0.0
Pseudomonadota	Gammaproteobacteria	JABDKV01	1	0	0.0	0	0.0
Pseudomonadota	Gammaproteobacteria	JAADHQ01	1	0	0.0	0	0.0
Pseudomonadota	Gammaproteobacteria	Immundisolibacterales	1	0	0.0	0	0.0
Pseudomonadota	Gammaproteobacteria	Piscirickettsiales	1	1	100.0	1	100.0
Pseudomonadota	Gammaproteobacteria	S140-43	1	0	0.0	0	0.0
UBP15	UBA6099	UBA6099	1	0	0.0	0	0.0
UBP18	UBA7526	UBA7526	1	0	0.0	0	0.0
Pseudomonadota	Gammaproteobacteria	LLD-282	1	0	0.0	0	0.0
Pseudomonadota	Gammaproteobacteria	JAJPIJ01	1	1	100.0	1	100.0
UBP4	UBA4092	UBA4092	1	0	0.0	0	0.0
Pseudomonadota	Gammaproteobacteria	JAJDYQ01	1	1	100.0	1	100.0
Pseudomonadota	Gammaproteobacteria	JAGOUN01	1	0	0.0	0	0.0
Pseudomonadota	Gammaproteobacteria	JAFLJP01	1	0	0.0	0	0.0
Pseudomonadota	Gammaproteobacteria	SLND01	1	0	0.0	0	0.0
Pseudomonadota	Gammaproteobacteria	SKWO01	1	0	0.0	0	0.0
UBP13	UBA5359	UBA5359	1	0	0.0	0	0.0
Halobacteriota	Archaeoglobi	JdFR-21	1	0	0.0	0	0.0
Hadarchaeota	Hadarchaeia	Hadarchaeales	1	0	0.0	0	0.0
JABDJQ01	JABDJQ01	JABDJQ01	1	0	0.0	0	0.0
Iainarchaeota	Iainarchaeia	CSSED10-239	1	0	0.0	0	0.0
Huberarchaeota	Huberarchaeia	Huberarchaeales	1	0	0.0	0	0.0
Halobacteriota	UBA148	UBA148	1	0	0.0	0	0.0
Halobacteriota	Syntropharchaeia	Syntropharchaeales	1	0	0.0	0	0.0
EX4484-52	EX4484-52	EX4484-52	1	0	0.0	0	0.0
Desulfobacterota_F	WTBG01	CAIYCZ01	1	0	0.0	0	0.0
Desulfobacterota_F	UBA8473	UBA8473	1	0	0.0	0	0.0
Desulfobacterota_F	JAFDED01	JAFDED01	1	0	0.0	0	0.0
Desulfobacterota_F	JACPFL01	JACPFL01	1	0	0.0	0	0.0
Elusimicrobiota	UBA5214	UBA5214	1	0	0.0	0	0.0
Acidobacteriota	UBA6911	CAINFC01	1	0	0.0	0	0.0
FCPU426	Palsa-1180	Palsa-1180	1	0	0.0	0	0.0
Eremiobacterota	JABDET01	JABDET01	1	0	0.0	0	0.0
Bacteroidota	Bacteroidia	M30B66	1	0	0.0	0	0.0
Bacteroidota	Bacteroidia	J057	1	0	0.0	0	0.0
Bacteroidota	Bacteroidia	2-12-FULL-37-12	1	1	100.0	1	100.0
Desulfobacterota	Desulfofervidia	Desulfofervidales	1	0	0.0	0	0.0
Chlamydiota	Chlamydiia	2-12-FULL-49-11	1	0	0.0	0	0.0
Desulfobacterota	QYQD01	QYQD01	1	0	0.0	0	0.0
Desulfobacterota	JADFXK01	JADFXK01	1	1	100.0	1	100.0
Desulfobacterota_B	Binatia	UTPRO1	1	1	100.0	1	100.0
Desulfobacterota_B	Binatia	HRBIN30	1	0	0.0	0	0.0
Desulfobacterota_F	GWC2-55-46	S146-80	1	0	0.0	0	0.0
Desulfobacterota_F	BSN033	WVXP01	1	0	0.0	0	0.0
Bacillota_G	UBA4882	UBA4882	1	0	0.0	0	0.0
NPL-UPA2	NPL-UPA2	NPL-UPA2	1	0	0.0	0	0.0
Krumholzibacteriota	Krumholzibacteria	JACNKJ01	1	0	0.0	0	0.0
KSB1	UBA2214	UBA2214	1	0	0.0	0	0.0
JADFOP01	JADFOP01	JADFOP01	1	0	0.0	0	0.0
Margulisbacteria	Marinamargulisbacteria	CAMDBA01	1	0	0.0	0	0.0
Lindowbacteria	2-12-FULL-62-27	2-12-FULL-62-27	1	0	0.0	0	0.0
Latescibacterota	UBA2968	SICM01	1	0	0.0	0	0.0
Latescibacterota	MWCZ01	MWCZ01	1	0	0.0	0	0.0
Latescibacterota	MVCY01	MVCY01	1	0	0.0	0	0.0
Latescibacterota	4484-107	B68-G9	1	0	0.0	0	0.0
Latescibacterota	4484-107	4484-107	1	0	0.0	0	0.0
Krumholzibacteriota	Krumholzibacteria	Krumholzibacteriales	1	0	0.0	0	0.0
Margulisbacteria	WOR-1	JAHJIW01	1	0	0.0	0	0.0
Halobacteriota	Methanocellia	Methanocellales	1	0	0.0	0	0.0
Margulisbacteria	Marinamargulisbacteria	UBA817	1	0	0.0	0	0.0
Margulisbacteria	Marinamargulisbacteria	UBA6595	1	0	0.0	0	0.0
Margulisbacteria	Marinamargulisbacteria	SXXA01	1	0	0.0	0	0.0
Margulisbacteria	Marinamargulisbacteria	JABGVJ01	1	0	0.0	0	0.0
Margulisbacteria	Marinamargulisbacteria	GCA-2716485	1	1	100.0	1	100.0
FEN-1099	FEN-1099	JACKCT01	1	0	0.0	0	0.0
Bacteroidota	Rhodothermia	JANXDC01	1	0	0.0	0	0.0
Bacteroidota	Kapabacteria	Palsa-1295	1	0	0.0	0	0.0
Goldbacteria	PGYV01	PGYV01	1	0	0.0	0	0.0
Fusobacteriota	Fusobacteriia	Bac17	1	0	0.0	0	0.0
Fibrobacterota	OXYB2-FULL-49-7	OXYB2-FULL-49-7	1	0	0.0	0	0.0
Fibrobacterota	Fibrobacteria	UBA11236	1	0	0.0	0	0.0
Halobacteriota	Methanosarcinia_A	Methanosarcinales_A	1	0	0.0	0	0.0
Halobacteriota	Methanonatronarchaeia	Methanonatronarchaeales	1	0	0.0	0	0.0
Margulisbacteria	Riflemargulisbacteria	GWF2-39-127	1	0	0.0	0	0.0
Chloroflexota	Anaerolineae	SSC4	1	0	0.0	0	0.0
Chloroflexota	Anaerolineae	S016-19	1	0	0.0	0	0.0
Chloroflexota	Anaerolineae	JAHJIN01	1	1	100.0	1	100.0
Chloroflexota	Anaerolineae	JACRMK01	1	0	0.0	0	0.0
Chloroflexota	Chloroflexia	54-19	1	0	0.0	0	0.0
Chloroflexota	Dehalococcoidia	SHYB01	1	0	0.0	0	0.0
Chloroflexota	Dehalococcoidia	RBG-13-53-26	1	0	0.0	0	0.0
Chloroflexota	Dehalococcoidia	JdFR-54	1	0	0.0	0	0.0
Chloroflexota	Dehalococcoidia	JABGRK01	1	0	0.0	0	0.0
Chloroflexota	Dehalococcoidia	GCA-2717565	1	0	0.0	0	0.0
Chloroflexota	Dehalococcoidia	E44-bin15	1	0	0.0	0	0.0
Acidobacteriota	UBA6911	JAAYUB01	1	0	0.0	0	0.0
Thermoproteota	JANJXX01	JANJXX01	1	0	0.0	0	0.0
Desulfobacterota_E	Anaeroferrophillalia	Anaeroferrophillales	1	0	0.0	0	0.0
Thermotogota	Thermotogae	B3-G13	1	0	0.0	0	0.0
Thermotogota	Thermotogae	B21-G9	1	1	100.0	0	0.0
Thermosulfidibacterota	Thermosulfidibacteria	Thermosulfidibacterales	1	0	0.0	0	0.0
Actinomycetota	Acidimicrobiia	UBA2766	1	0	0.0	0	0.0
AABM5-125-24	AABM5-125-24	AABM5-125-24	1	0	0.0	0	0.0
Actinomycetota	Humimicrobiia	Hakubanellales	1	0	0.0	0	0.0
Zixibacteria	MSB-5A5	JAABVY01	1	0	0.0	0	0.0
Acidobacteriota	Terriglobia	2-12-FULL-54-10	1	0	0.0	0	0.0
Acidobacteriota	Polarisedimenticolia	SMYD01	1	0	0.0	0	0.0
Acidobacteriota	Holophagae	Acanthopleuribacterales	1	0	0.0	0	0.0
Acidobacteriota	CAIWXX01	CAIWXX01	1	0	0.0	0	0.0
Acidobacteriota	Blastocatellia	HR10	1	0	0.0	0	0.0
Acidobacteriota	Aminicenantia	UBA2199	1	0	0.0	0	0.0
Acidobacteriota	Aminicenantia	JdFR-78	1	0	0.0	0	0.0
Acidobacteriota	UBA6911	UBA6911	1	0	0.0	0	0.0
DUMJ01	DUMJ01	DUMJ01	1	0	0.0	0	0.0
DTU030	DTU030	DUMP01	1	0	0.0	0	0.0
DTU030	DTU030	DTU030	1	0	0.0	0	0.0
Bdellovibrionota	UBA1018	CAIPTA01	1	0	0.0	0	0.0
CLD3	CLD3	SB21	1	0	0.0	0	0.0
CG2-30-70-394	CG2-30-70-394	CG2-30-70-394	1	0	0.0	0	0.0
CG2-30-53-67	CG2-30-53-67	CG2-30-53-67	1	0	0.0	0	0.0
CAIJMQ01	CAIJMQ01	CAIJMQ01	1	0	0.0	0	0.0
Calescibacterota	Calescibacteriia	Calescibacteriales	1	0	0.0	0	0.0
Chloroflexota	Dehalococcoidia	UBA3088	1	0	0.0	0	0.0
Chloroflexota	Dehalococcoidia	UBA2247	1	0	0.0	0	0.0
Chloroflexota	UBA5177	UBA5177	1	0	0.0	0	0.0
Chloroflexota	UBA4733	UBA4733	1	0	0.0	0	0.0
Chloroflexota	Anaerolineae	UBA1429	1	0	0.0	0	0.0
Cyanobacteriota	Cyanobacteriia	Gloeobacterales	1	0	0.0	0	0.0
Cyanobacteriota	Cyanobacteriia	FACHB-46	1	0	0.0	0	0.0
Cyanobacteriota	Cyanobacteriia	CAIUCS01	1	0	0.0	0	0.0
Cyanobacteriota	Cyanobacteriia	CACIAM-69d	1	0	0.0	0	0.0
Coprothermobacterota	Coprothermobacteria	Coprothermobacterales	1	0	0.0	0	0.0
Chrysiogenota	Chrysiogenetes	Chrysiogenales	1	0	0.0	0	0.0
Cyanobacteriota	Sericytochromatia	UBA7694	1	1	100.0	1	100.0
Cyanobacteriota	Sericytochromatia	S15B-MN24	1	1	100.0	1	100.0
Cyanobacteriota	Cyanobacteriia	Thermostichales	1	0	0.0	0	0.0
Chloroflexota	Anaerolineae	J102	1	0	0.0	0	0.0
Chloroflexota	Anaerolineae	Fen-1058	1	0	0.0	0	0.0
Chloroflexota	Anaerolineae	DUEN01	1	0	0.0	0	0.0
Chloroflexota	Anaerolineae	CG2-30-64-16	1	0	0.0	0	0.0
Chloroflexota	Anaerolineae	UBA2200	1	0	0.0	0	0.0
Chloroflexota	UBA11872	VXOZ01	1	0	0.0	0	0.0
Pseudomonadota	Alphaproteobacteria	Bin95	1	1	100.0	1	100.0
Pseudomonadota	Alphaproteobacteria	43-37	1	1	100.0	1	100.0
Bacillota_A	Clostridia	SK-Y3	1	0	0.0	0	0.0
Bacillota_A	Clostridia	HGM11514	1	0	0.0	0	0.0
Bacillota_A	Clostridia	HGM11327	1	0	0.0	0	0.0
Patescibacteria	Paceibacteria	JAJYZQ01	1	0	0.0	0	0.0
Bacillota_C	Negativicutes	Sporomusales_B	1	0	0.0	0	0.0
Bacillota_C	Negativicutes	JALHDB01	1	0	0.0	0	0.0
Patescibacteria	Paceibacteria	UBA9936	1	0	0.0	0	0.0
Patescibacteria	Paceibacteria	Spechtbacterales	1	0	0.0	0	0.0
Patescibacteria	Paceibacteria	RBG-13-40-8-A	1	0	0.0	0	0.0
Patescibacteria	UBA1384	UBA12157_A	1	0	0.0	0	0.0
Patescibacteria	UBA1384	CAJBMM01	1	0	0.0	0	0.0
Nanoarchaeota	Nanoarchaeia	PEZQ01	1	0	0.0	0	0.0
Patescibacteria	Saccharimonadia	JAGOAT01	1	0	0.0	0	0.0
Planctomycetota	JACOTG01	JACOTG01	1	0	0.0	0	0.0
Planctomycetota	B15-G4	B15-G4	1	0	0.0	0	0.0
Patescibacteria	WWE3	CG2-30-40-12	1	0	0.0	0	0.0
Patescibacteria	WWE3	0-14-0-20-40-13	1	0	0.0	0	0.0
Patescibacteria	Microgenomatia	JAMCYU01	1	0	0.0	0	0.0
Patescibacteria	Microgenomatia	JAADGY01	1	0	0.0	0	0.0
Patescibacteria	Microgenomatia	GCA-001788215	1	0	0.0	0	0.0
Patescibacteria	Paceibacteria	JACQLN01	1	0	0.0	0	0.0
Patescibacteria	Microgenomatia	Woykebacterales	1	0	0.0	0	0.0
Patescibacteria	Microgenomatia	UM-FILTER-40-11	1	0	0.0	0	0.0
Patescibacteria	Microgenomatia	UM-FILTER-39-15	1	0	0.0	0	0.0
Bacillota_B	GCA-003054495	Carboxydocellales	1	0	0.0	0	0.0
Bacillota_B	Desulfitobacteriia	Heliobacteriales	1	0	0.0	0	0.0
Patescibacteria	UBA1384	CAILIB01	1	0	0.0	0	0.0
Pseudomonadota	Alphaproteobacteria	TMED2	1	1	100.0	1	100.0
Asgardarchaeota	LC30	LC30	1	0	0.0	0	0.0
Pseudomonadota	Alphaproteobacteria	UBA8317	1	1	100.0	1	100.0
Asgardarchaeota	Wukongarchaeia	Wukongarchaeales	1	0	0.0	0	0.0
Asgardarchaeota	Sifarchaeia	Borrarchaeales	1	0	0.0	0	0.0
Bacillota	Bacilli	Calditerricolales	1	0	0.0	0	0.0
Bacillota	Bacilli	Caldalkalibacillales	1	0	0.0	0	0.0
Bacillota	Bacilli	CAJFEE01	1	1	100.0	1	100.0
Bacillota	Bacilli	Bacillales_F	1	0	0.0	0	0.0
Pseudomonadota	Alphaproteobacteria	CAIYWZ01	1	1	100.0	1	100.0
Pseudomonadota	Alphaproteobacteria	CAISOG01	1	1	100.0	1	100.0
Pseudomonadota	Alphaproteobacteria	CAISDR01	1	1	100.0	1	100.0
Pseudomonadota	Alphaproteobacteria	GCA-2721365	1	1	100.0	1	100.0
Bacillota	Bacilli	Tepidibacillales	1	0	0.0	0	0.0
Pseudomonadota	Alphaproteobacteria	Elsterales	1	1	100.0	1	100.0
Pseudomonadota	Alphaproteobacteria	Dongiales	1	1	100.0	1	100.0
Pseudomonadota	Alphaproteobacteria	Minwuiales	1	1	100.0	1	100.0
Pseudomonadota	Alphaproteobacteria	JAGPBS01	1	0	0.0	0	0.0
Pseudomonadota	Alphaproteobacteria	JACZXZ01	1	0	0.0	0	0.0
Pseudomonadota	Alphaproteobacteria	SHVZ01	1	1	100.0	1	100.0
Planctomycetota	SZUA-567	SZUA-567	1	0	0.0	0	0.0
Planctomycetota	Phycisphaerae	Tepidisphaerales	1	0	0.0	0	0.0
Planctomycetota	Phycisphaerae	JAAYCJ01	1	0	0.0	0	0.0
Planctomycetota	PUPC01	PUPC01	1	0	0.0	0	0.0
Planctomycetota	PLA2	PLA2	1	0	0.0	0	0.0
Poribacteria	WGA-4E	GCA-2687025	1	0	0.0	0	0.0
Bacillota_A	Clostridia	Ch29	1	0	0.0	0	0.0
Bacillota	Bacilli	Tumebacillales	1	1	100.0	1	100.0
Pseudomonadota	Alphaproteobacteria	Ferrovibrionales	1	1	100.0	1	100.0
Patescibacteria	ABY1	GCA-002772895	1	0	0.0	0	0.0
Patescibacteria	ABY1	CAIQCM01	1	0	0.0	0	0.0
Patescibacteria	4484-211	GCA-002791395	1	0	0.0	0	0.0
Bacillota_D	Dethiobacteria	PWVN01	1	0	0.0	0	0.0
Nitrospirota	9FT-COMBO-42-15	HDB-SIOI813	1	1	100.0	1	100.0
Bacillota_E	Symbiobacteriia	Symbiobacteriales	1	0	0.0	0	0.0
Bacillota_E	JAMCWA01	JAMCWA01	1	0	0.0	0	0.0
Bacillota_E	JAJZIM01	JAJZIM01	1	0	0.0	0	0.0
Bacillota_E	JAIMAT01	JAIMAT01	1	0	0.0	0	0.0
Bacillota_F	Halanaerobiia	DY22613	1	0	0.0	0	0.0
Bacillota_E	UBA3575	UBA3575	1	0	0.0	0	0.0
Bacillota_E	UBA3569	UBA3569	1	0	0.0	0	0.0
Bacillota_E	UBA3561	UBA3561	1	0	0.0	0	0.0
Bacillota_B	Dehalobacteriia	Dehalobacteriales	1	0	0.0	0	0.0
Bacillota_G	SHA-98	Ch115	1	0	0.0	0	0.0
Bacillota_G	Limnochordia	Limnochordales	1	0	0.0	0	0.0
Bacillota_G	Limnochordia	DTU087	1	0	0.0	0	0.0
Muirbacteria	Muirbacteriia	Muirbacteriales	1	1	100.0	1	100.0
Micrarchaeota	Micrarchaeia	DTNL01	1	0	0.0	0	0.0
Myxococcota	UBA4151	UBA4151	1	0	0.0	0	0.0
Myxococcota	Myxococcia	SLRQ01	1	0	0.0	0	0.0
Myxococcota	WYAZ01	WYAZ01	1	1	100.0	1	100.0
Myxococcota	UBA9042	UBA3505	1	0	0.0	0	0.0
Myxococcota	UBA9042	PWKZ01	1	0	0.0	0	0.0
Myxococcota	UBA9042	PHBI01	1	0	0.0	0	0.0
Myxococcota	UBA9042	CAIXZC01	1	1	100.0	1	100.0
Myxococcota	UBA796	UBA9615	1	0	0.0	0	0.0
Nanoarchaeota	Nanoarchaeia	Tiddalikarchaeales	1	0	0.0	0	0.0
Bacillota_G	SHA-98	DTU014	1	0	0.0	0	0.0
Bacillota_C	Negativicutes	Anaeromusales	1	0	0.0	0	0.0
Bacillota_B	Z-2901	Carboxydothermales	1	0	0.0	0	0.0
Bacillota_B	TC1	TC1	1	0	0.0	0	0.0
Bacillota_B	Moorellia	PH28-bin88	1	0	0.0	0	0.0
Patescibacteria	ABY1	JAHJFT01	1	0	0.0	0	0.0
Patescibacteria	ABY1	JAHIZJ01	1	0	0.0	0	0.0
Patescibacteria	ABY1	JABMQE01	1	0	0.0	0	0.0
Patescibacteria	ABY1	H02-48-17	1	0	0.0	0	0.0
Patescibacteria	ABY1	VMEV01	1	0	0.0	0	0.0
Patescibacteria	ABY1	UM-FILTER-42-10	1	0	0.0	0	0.0
Patescibacteria	ABY1	UBA1544	1	0	0.0	0	0.0
Patescibacteria	Dojkabacteria	B142	1	0	0.0	0	0.0
Patescibacteria	CPR2_A	CG2-30-33-46	1	0	0.0	0	0.0
Patescibacteria	ABY1	GWA2-46-9	1	0	0.0	0	0.0
Patescibacteria	ABY1	XYB2-FULL-38-15	1	0	0.0	0	0.0
Nitrospirota	UBA9217	JACRHJ01	1	0	0.0	0	0.0
Omnitrophota	Koll11	JAFGHF01	1	0	0.0	0	0.0
Omnitrophota	Koll11	Ghiorseimicrobiales	1	0	0.0	0	0.0
Omnitrophota	Koll11	DTHP01	1	0	0.0	0	0.0
Omnitrophota	Koll11	4484-49	1	0	0.0	0	0.0
OLB16	OLB16	SURF-12	1	0	0.0	0	0.0
Patescibacteria	4484-211	4484-211	1	0	0.0	0	0.0
Omnitrophota	Koll11	Velamenicoccales	1	0	0.0	0	0.0
Omnitrophota	Koll11	UBA1560	1	0	0.0	0	0.0
Omnitrophota	Koll11	Taenaricolales	1	0	0.0	0	0.0
Omnitrophota	Koll11	SKK-01	1	0	0.0	0	0.0
Omnitrophota	Koll11	JAHIPI01	1	0	0.0	0	0.0
Patescibacteria	ABY1	GWA2-47-26	1	0	0.0	0	0.0
Patescibacteria	CPR2	UBA1875	1	0	0.0	0	0.0
